frame_index,line_number,raw_frame,bytes_hex,parse_ok,parse_error,checksum_valid,source_format,source_timestamp_ms,timestamp_source,relative_time_ms,is_valid,validation_errors,ml_eligible,b0,b1,b2,b3,b4,b5,b6,b7,b8,b9,b10,b11,b12,b13,b14,b15,b16,b17,b18,b19,b20,b21,b22,b23,b24,b25,b26,b27,b28,rpm,tps_voltage,tps_raw_candidate,battery_voltage,iat_c,ect_c_candidate,map_raw,signal_b19,signal_word_20_21,signal_b22,signal_b23,signal_b24
0,1,"{""elapsed_ms"":0,""raw_hex"":""0218711703151900FFFF714F65556E05B79E81000000006C""}",FF;FF;FF;FF;FF;02;18;71;17;03;15;19;00;FF;FF;71;4F;65;55;6E;05;B7;9E;81;00;00;00;00;6C,True,,True,esp_jsonl,0.0,elapsed_ms,0.0,True,,True,255,255,255,255,255,2,24,113,23,3,21,25,0,255,255,113,79,101,85,110,5,183,158,129,0,0,0,0,108,789,0.48828125,0,11.3,39,61,85,110,1463,158,129,0
1,2,"{""elapsed_ms"":249,""raw_hex"":""0218711704561900FFFF714F65557E058B9E810000000046""}",FF;FF;FF;FF;FF;02;18;71;17;04;56;19;00;FF;FF;71;4F;65;55;7E;05;8B;9E;81;00;00;00;00;46,True,,True,esp_jsonl,249.0,elapsed_ms,249.0,True,,True,255,255,255,255,255,2,24,113,23,4,86,25,0,255,255,113,79,101,85,126,5,139,158,129,0,0,0,0,70,1110,0.48828125,0,11.3,39,61,85,126,1419,158,129,0
2,3,"{""elapsed_ms"":500,""raw_hex"":""0218711706E91900FFFF714F65558703EA976A0000000069""}",FF;FF;FF;FF;FF;02;18;71;17;06;E9;19;00;FF;FF;71;4F;65;55;87;03;EA;97;6A;00;00;00;00;69,True,,True,esp_jsonl,500.0,elapsed_ms,500.0,True,,True,255,255,255,255,255,2,24,113,23,6,233,25,0,255,255,113,79,101,85,135,3,234,151,106,0,0,0,0,105,1769,0.48828125,0,11.3,39,61,85,135,1002,151,106,0
3,4,"{""elapsed_ms"":750,""raw_hex"":""0218711707341900FFFF714F65559303C4976A0000000037""}",FF;FF;FF;FF;FF;02;18;71;17;07;34;19;00;FF;FF;71;4F;65;55;93;03;C4;97;6A;00;00;00;00;37,True,,True,esp_jsonl,750.0,elapsed_ms,750.0,True,,True,255,255,255,255,255,2,24,113,23,7,52,25,0,255,255,113,79,101,85,147,3,196,151,106,0,0,0,0,55,1844,0.48828125,0,11.3,39,61,85,147,964,151,106,0
4,5,"{""elapsed_ms"":999,""raw_hex"":""0218711707871900FFFF714F65559203B2806A010000000D""}",FF;FF;FF;FF;FF;02;18;71;17;07;87;19;00;FF;FF;71;4F;65;55;92;03;B2;80;6A;01;00;00;00;0D,True,,True,esp_jsonl,999.0,elapsed_ms,999.0,True,,True,255,255,255,255,255,2,24,113,23,7,135,25,0,255,255,113,79,101,85,146,3,178,128,106,1,0,0,0,13,1927,0.48828125,0,11.3,39,61,85,146,946,128,106,1
5,6,"{""elapsed_ms"":1249,""raw_hex"":""0218711707861900FFFF714F65559203AD806A0100000013""}",FF;FF;FF;FF;FF;02;18;71;17;07;86;19;00;FF;FF;71;4F;65;55;92;03;AD;80;6A;01;00;00;00;13,True,,True,esp_jsonl,1249.0,elapsed_ms,1249.0,True,,True,255,255,255,255,255,2,24,113,23,7,134,25,0,255,255,113,79,101,85,146,3,173,128,106,1,0,0,0,19,1926,0.48828125,0,11.3,39,61,85,146,941,128,106,1
6,7,"{""elapsed_ms"":1500,""raw_hex"":""0218711707851900FFFF714F65559203A7806A010000001A""}",FF;FF;FF;FF;FF;02;18;71;17;07;85;19;00;FF;FF;71;4F;65;55;92;03;A7;80;6A;01;00;00;00;1A,True,,True,esp_jsonl,1500.0,elapsed_ms,1500.0,True,,True,255,255,255,255,255,2,24,113,23,7,133,25,0,255,255,113,79,101,85,146,3,167,128,106,1,0,0,0,26,1925,0.48828125,0,11.3,39,61,85,146,935,128,106,1
7,8,"{""elapsed_ms"":1750,""raw_hex"":""02187117077F1900FFFF714F65559103A1806A0100000027""}",FF;FF;FF;FF;FF;02;18;71;17;07;7F;19;00;FF;FF;71;4F;65;55;91;03;A1;80;6A;01;00;00;00;27,True,,True,esp_jsonl,1750.0,elapsed_ms,1750.0,True,,True,255,255,255,255,255,2,24,113,23,7,127,25,0,255,255,113,79,101,85,145,3,161,128,106,1,0,0,0,39,1919,0.48828125,0,11.3,39,61,85,145,929,128,106,1
8,9,"{""elapsed_ms"":1998,""raw_hex"":""0218711707B31900FFFF714F6555910398806A01000000FC""}",FF;FF;FF;FF;FF;02;18;71;17;07;B3;19;00;FF;FF;71;4F;65;55;91;03;98;80;6A;01;00;00;00;FC,True,,True,esp_jsonl,1998.0,elapsed_ms,1998.0,True,,True,255,255,255,255,255,2,24,113,23,7,179,25,0,255,255,113,79,101,85,145,3,152,128,106,1,0,0,0,252,1971,0.48828125,0,11.3,39,61,85,145,920,128,106,1
9,10,"{""elapsed_ms"":2251,""raw_hex"":""0218711707BD1900FFFF714F6555910393806A01000000F7""}",FF;FF;FF;FF;FF;02;18;71;17;07;BD;19;00;FF;FF;71;4F;65;55;91;03;93;80;6A;01;00;00;00;F7,True,,True,esp_jsonl,2251.0,elapsed_ms,2251.0,True,,True,255,255,255,255,255,2,24,113,23,7,189,25,0,255,255,113,79,101,85,145,3,147,128,106,1,0,0,0,247,1981,0.48828125,0,11.3,39,61,85,145,915,128,106,1
10,11,"{""elapsed_ms"":2500,""raw_hex"":""02187117079B1900FFFF714F655590038F806A010000001E""}",FF;FF;FF;FF;FF;02;18;71;17;07;9B;19;00;FF;FF;71;4F;65;55;90;03;8F;80;6A;01;00;00;00;1E,True,,True,esp_jsonl,2500.0,elapsed_ms,2500.0,True,,True,255,255,255,255,255,2,24,113,23,7,155,25,0,255,255,113,79,101,85,144,3,143,128,106,1,0,0,0,30,1947,0.48828125,0,11.3,39,61,85,144,911,128,106,1
11,12,"{""elapsed_ms"":2749,""raw_hex"":""0218711707B71900FFFF714F6555910385806A010000000B""}",FF;FF;FF;FF;FF;02;18;71;17;07;B7;19;00;FF;FF;71;4F;65;55;91;03;85;80;6A;01;00;00;00;0B,True,,True,esp_jsonl,2749.0,elapsed_ms,2749.0,True,,True,255,255,255,255,255,2,24,113,23,7,183,25,0,255,255,113,79,101,85,145,3,133,128,106,1,0,0,0,11,1975,0.48828125,0,11.3,39,61,85,145,901,128,106,1
12,13,"{""elapsed_ms"":2999,""raw_hex"":""0218711707BC1900FFFF714F6555920380806A010000000A""}",FF;FF;FF;FF;FF;02;18;71;17;07;BC;19;00;FF;FF;71;4F;65;55;92;03;80;80;6A;01;00;00;00;0A,True,,True,esp_jsonl,2999.0,elapsed_ms,2999.0,True,,True,255,255,255,255,255,2,24,113,23,7,188,25,0,255,255,113,79,101,85,146,3,128,128,106,1,0,0,0,10,1980,0.48828125,0,11.3,39,61,85,146,896,128,106,1
13,14,"{""elapsed_ms"":3250,""raw_hex"":""0218711707331900FFFF714F65559201F7B56A02000000E8""}",FF;FF;FF;FF;FF;02;18;71;17;07;33;19;00;FF;FF;71;4F;65;55;92;01;F7;B5;6A;02;00;00;00;E8,True,,True,esp_jsonl,3250.0,elapsed_ms,3250.0,True,,True,255,255,255,255,255,2,24,113,23,7,51,25,0,255,255,113,79,101,85,146,1,247,181,106,2,0,0,0,232,1843,0.48828125,0,11.3,39,61,85,146,503,181,106,2
14,15,"{""elapsed_ms"":3500,""raw_hex"":""0218711705331900FFFF714F6555910261A86A020000008D""}",FF;FF;FF;FF;FF;02;18;71;17;05;33;19;00;FF;FF;71;4F;65;55;91;02;61;A8;6A;02;00;00;00;8D,True,,True,esp_jsonl,3500.0,elapsed_ms,3500.0,True,,True,255,255,255,255,255,2,24,113,23,5,51,25,0,255,255,113,79,101,85,145,2,97,168,106,2,0,0,0,141,1331,0.48828125,0,11.3,39,61,85,145,609,168,106,2
15,16,"{""elapsed_ms"":3748,""raw_hex"":""0218711704BE1900FFFF714F65558F0269A86A02000000FD""}",FF;FF;FF;FF;FF;02;18;71;17;04;BE;19;00;FF;FF;71;4F;65;55;8F;02;69;A8;6A;02;00;00;00;FD,True,,True,esp_jsonl,3748.0,elapsed_ms,3748.0,True,,True,255,255,255,255,255,2,24,113,23,4,190,25,0,255,255,113,79,101,85,143,2,105,168,106,2,0,0,0,253,1214,0.48828125,0,11.3,39,61,85,143,617,168,106,2
16,17,"{""elapsed_ms"":4000,""raw_hex"":""0218711704D41900FFFF714F655590025EA86A03000000F0""}",FF;FF;FF;FF;FF;02;18;71;17;04;D4;19;00;FF;FF;71;4F;65;55;90;02;5E;A8;6A;03;00;00;00;F0,True,,True,esp_jsonl,4000.0,elapsed_ms,4000.0,True,,True,255,255,255,255,255,2,24,113,23,4,212,25,0,255,255,113,79,101,85,144,2,94,168,106,3,0,0,0,240,1236,0.48828125,0,11.3,39,61,85,144,606,168,106,3
17,18,"{""elapsed_ms"":4250,""raw_hex"":""0218711704D61900FFFF714F655592025CA86A02000000EF""}",FF;FF;FF;FF;FF;02;18;71;17;04;D6;19;00;FF;FF;71;4F;65;55;92;02;5C;A8;6A;02;00;00;00;EF,True,,True,esp_jsonl,4250.0,elapsed_ms,4250.0,True,,True,255,255,255,255,255,2,24,113,23,4,214,25,0,255,255,113,79,101,85,146,2,92,168,106,2,0,0,0,239,1238,0.48828125,0,11.3,39,61,85,146,604,168,106,2
18,19,"{""elapsed_ms"":4499,""raw_hex"":""0218711704DC1900FFFF714F65558F025AA86A02000000EE""}",FF;FF;FF;FF;FF;02;18;71;17;04;DC;19;00;FF;FF;71;4F;65;55;8F;02;5A;A8;6A;02;00;00;00;EE,True,,True,esp_jsonl,4499.0,elapsed_ms,4499.0,True,,True,255,255,255,255,255,2,24,113,23,4,220,25,0,255,255,113,79,101,85,143,2,90,168,106,2,0,0,0,238,1244,0.48828125,0,11.3,39,61,85,143,602,168,106,2
19,20,"{""elapsed_ms"":4748,""raw_hex"":""0218711704EC1900FFFF714F6555930252A86A02000000E2""}",FF;FF;FF;FF;FF;02;18;71;17;04;EC;19;00;FF;FF;71;4F;65;55;93;02;52;A8;6A;02;00;00;00;E2,True,,True,esp_jsonl,4748.0,elapsed_ms,4748.0,True,,True,255,255,255,255,255,2,24,113,23,4,236,25,0,255,255,113,79,101,85,147,2,82,168,106,2,0,0,0,226,1260,0.48828125,0,11.3,39,61,85,147,594,168,106,2
20,21,"{""elapsed_ms"":5000,""raw_hex"":""0218711704F71900FFFF714F655591024FA86A02000000DC""}",FF;FF;FF;FF;FF;02;18;71;17;04;F7;19;00;FF;FF;71;4F;65;55;91;02;4F;A8;6A;02;00;00;00;DC,True,,True,esp_jsonl,5000.0,elapsed_ms,5000.0,True,,True,255,255,255,255,255,2,24,113,23,4,247,25,0,255,255,113,79,101,85,145,2,79,168,106,2,0,0,0,220,1271,0.48828125,0,11.3,39,61,85,145,591,168,106,2
21,22,"{""elapsed_ms"":5250,""raw_hex"":""0218711704C71900FFFF714F65558F0252A86A030000000A""}",FF;FF;FF;FF;FF;02;18;71;17;04;C7;19;00;FF;FF;71;4F;65;55;8F;02;52;A8;6A;03;00;00;00;0A,True,,True,esp_jsonl,5250.0,elapsed_ms,5250.0,True,,True,255,255,255,255,255,2,24,113,23,4,199,25,0,255,255,113,79,101,85,143,2,82,168,106,3,0,0,0,10,1223,0.48828125,0,11.3,39,61,85,143,594,168,106,3
22,23,"{""elapsed_ms"":5499,""raw_hex"":""0218711704B41900FFFF705065558C0255A86A020000001E""}",FF;FF;FF;FF;FF;02;18;71;17;04;B4;19;00;FF;FF;70;50;65;55;8C;02;55;A8;6A;02;00;00;00;1E,True,,True,esp_jsonl,5499.0,elapsed_ms,5499.0,True,,True,255,255,255,255,255,2,24,113,23,4,180,25,0,255,255,112,80,101,85,140,2,85,168,106,2,0,0,0,30,1204,0.48828125,0,11.2,40,61,85,140,597,168,106,2
23,24,"{""elapsed_ms"":5751,""raw_hex"":""02187117047D1900FFFF70506555860269A86A0200000047""}",FF;FF;FF;FF;FF;02;18;71;17;04;7D;19;00;FF;FF;70;50;65;55;86;02;69;A8;6A;02;00;00;00;47,True,,True,esp_jsonl,5751.0,elapsed_ms,5751.0,True,,True,255,255,255,255,255,2,24,113,23,4,125,25,0,255,255,112,80,101,85,134,2,105,168,106,2,0,0,0,71,1149,0.48828125,0,11.2,40,61,85,134,617,168,106,2
24,25,"{""elapsed_ms"":6000,""raw_hex"":""02187117046F1900FFFF7050655583026EA86A0200000053""}",FF;FF;FF;FF;FF;02;18;71;17;04;6F;19;00;FF;FF;70;50;65;55;83;02;6E;A8;6A;02;00;00;00;53,True,,True,esp_jsonl,6000.0,elapsed_ms,6000.0,True,,True,255,255,255,255,255,2,24,113,23,4,111,25,0,255,255,112,80,101,85,131,2,110,168,106,2,0,0,0,83,1135,0.48828125,0,11.2,40,61,85,131,622,168,106,2
25,26,"{""elapsed_ms"":6249,""raw_hex"":""0218711704B71900FFFF70506555810262A86A0200000019""}",FF;FF;FF;FF;FF;02;18;71;17;04;B7;19;00;FF;FF;70;50;65;55;81;02;62;A8;6A;02;00;00;00;19,True,,True,esp_jsonl,6249.0,elapsed_ms,6249.0,True,,True,255,255,255,255,255,2,24,113,23,4,183,25,0,255,255,112,80,101,85,129,2,98,168,106,2,0,0,0,25,1207,0.48828125,0,11.2,40,61,85,129,610,168,106,2
26,27,"{""elapsed_ms"":6499,""raw_hex"":""0218711704A21900FFFF705065557F0262A86A0200000030""}",FF;FF;FF;FF;FF;02;18;71;17;04;A2;19;00;FF;FF;70;50;65;55;7F;02;62;A8;6A;02;00;00;00;30,True,,True,esp_jsonl,6499.0,elapsed_ms,6499.0,True,,True,255,255,255,255,255,2,24,113,23,4,162,25,0,255,255,112,80,101,85,127,2,98,168,106,2,0,0,0,48,1186,0.48828125,0,11.2,40,61,85,127,610,168,106,2
27,28,"{""elapsed_ms"":6750,""raw_hex"":""0218711704CA1900FFFF70506555870259A86A0200000009""}",FF;FF;FF;FF;FF;02;18;71;17;04;CA;19;00;FF;FF;70;50;65;55;87;02;59;A8;6A;02;00;00;00;09,True,,True,esp_jsonl,6750.0,elapsed_ms,6750.0,True,,True,255,255,255,255,255,2,24,113,23,4,202,25,0,255,255,112,80,101,85,135,2,89,168,106,2,0,0,0,9,1226,0.48828125,0,11.2,40,61,85,135,601,168,106,2
28,29,"{""elapsed_ms"":7000,""raw_hex"":""0218711704821900FFFF70506555850262A86A020000004A""}",FF;FF;FF;FF;FF;02;18;71;17;04;82;19;00;FF;FF;70;50;65;55;85;02;62;A8;6A;02;00;00;00;4A,True,,True,esp_jsonl,7000.0,elapsed_ms,7000.0,True,,True,255,255,255,255,255,2,24,113,23,4,130,25,0,255,255,112,80,101,85,133,2,98,168,106,2,0,0,0,74,1154,0.48828125,0,11.2,40,61,85,133,610,168,106,2
29,30,"{""elapsed_ms"":7249,""raw_hex"":""0218711704D41900FFFF70506555860251A86A0200000008""}",FF;FF;FF;FF;FF;02;18;71;17;04;D4;19;00;FF;FF;70;50;65;55;86;02;51;A8;6A;02;00;00;00;08,True,,True,esp_jsonl,7249.0,elapsed_ms,7249.0,True,,True,255,255,255,255,255,2,24,113,23,4,212,25,0,255,255,112,80,101,85,134,2,81,168,106,2,0,0,0,8,1236,0.48828125,0,11.2,40,61,85,134,593,168,106,2
30,31,"{""elapsed_ms"":7501,""raw_hex"":""0218711704A61D02FFFF70506555800253A86A0100000035""}",FF;FF;FF;FF;FF;02;18;71;17;04;A6;1D;02;FF;FF;70;50;65;55;80;02;53;A8;6A;01;00;00;00;35,True,,True,esp_jsonl,7501.0,elapsed_ms,7501.0,True,,True,255,255,255,255,255,2,24,113,23,4,166,29,2,255,255,112,80,101,85,128,2,83,168,106,1,0,0,0,53,1190,0.56640625,2,11.2,40,61,85,128,595,168,106,1
31,32,"{""elapsed_ms"":7750,""raw_hex"":""0218711705E52C0EFFFF705064568E04F1A170010000002D""}",FF;FF;FF;FF;FF;02;18;71;17;05;E5;2C;0E;FF;FF;70;50;64;56;8E;04;F1;A1;70;01;00;00;00;2D,True,,True,esp_jsonl,7750.0,elapsed_ms,7750.0,True,,True,255,255,255,255,255,2,24,113,23,5,229,44,14,255,255,112,80,100,86,142,4,241,161,112,1,0,0,0,45,1509,0.859375,14,11.2,40,60,86,142,1265,161,112,1
32,33,"{""elapsed_ms"":8000,""raw_hex"":""02187117094D1C02FFFF7050645693019FC9550000000021""}",FF;FF;FF;FF;FF;02;18;71;17;09;4D;1C;02;FF;FF;70;50;64;56;93;01;9F;C9;55;00;00;00;00;21,True,,True,esp_jsonl,8000.0,elapsed_ms,8000.0,True,,True,255,255,255,255,255,2,24,113,23,9,77,28,2,255,255,112,80,100,86,147,1,159,201,85,0,0,0,0,33,2381,0.546875,2,11.2,40,60,86,147,415,201,85,0
33,34,"{""elapsed_ms"":8248,""raw_hex"":""02187117078C1A00FFFF705064569101CCB95500000000CD""}",FF;FF;FF;FF;FF;02;18;71;17;07;8C;1A;00;FF;FF;70;50;64;56;91;01;CC;B9;55;00;00;00;00;CD,True,,True,esp_jsonl,8248.0,elapsed_ms,8248.0,True,,True,255,255,255,255,255,2,24,113,23,7,140,26,0,255,255,112,80,100,86,145,1,204,185,85,0,0,0,0,205,1932,0.5078125,0,11.2,40,60,86,145,460,185,85,0
34,35,"{""elapsed_ms"":8500,""raw_hex"":""02187117062E1900FFFF705064569001FEB56A00000000EB""}",FF;FF;FF;FF;FF;02;18;71;17;06;2E;19;00;FF;FF;70;50;64;56;90;01;FE;B5;6A;00;00;00;00;EB,True,,True,esp_jsonl,8500.0,elapsed_ms,8500.0,True,,True,255,255,255,255,255,2,24,113,23,6,46,25,0,255,255,112,80,100,86,144,1,254,181,106,0,0,0,0,235,1582,0.48828125,0,11.2,40,60,86,144,510,181,106,0
35,36,"{""elapsed_ms"":8749,""raw_hex"":""02187117056B1900FFFF705064568F0224A86A0000000096""}",FF;FF;FF;FF;FF;02;18;71;17;05;6B;19;00;FF;FF;70;50;64;56;8F;02;24;A8;6A;00;00;00;00;96,True,,True,esp_jsonl,8749.0,elapsed_ms,8749.0,True,,True,255,255,255,255,255,2,24,113,23,5,107,25,0,255,255,112,80,100,86,143,2,36,168,106,0,0,0,0,150,1387,0.48828125,0,11.2,40,60,86,143,548,168,106,0
36,37,"{""elapsed_ms"":8999,""raw_hex"":""0218711704CE1900FFFF70506456890232A86A000000002C""}",FF;FF;FF;FF;FF;02;18;71;17;04;CE;19;00;FF;FF;70;50;64;56;89;02;32;A8;6A;00;00;00;00;2C,True,,True,esp_jsonl,8999.0,elapsed_ms,8999.0,True,,True,255,255,255,255,255,2,24,113,23,4,206,25,0,255,255,112,80,100,86,137,2,50,168,106,0,0,0,0,44,1230,0.48828125,0,11.2,40,60,86,137,562,168,106,0
37,38,"{""elapsed_ms"":9250,""raw_hex"":""0218711704B11900FFFF7050645687023FA86A000000003E""}",FF;FF;FF;FF;FF;02;18;71;17;04;B1;19;00;FF;FF;70;50;64;56;87;02;3F;A8;6A;00;00;00;00;3E,True,,True,esp_jsonl,9250.0,elapsed_ms,9250.0,True,,True,255,255,255,255,255,2,24,113,23,4,177,25,0,255,255,112,80,100,86,135,2,63,168,106,0,0,0,0,62,1201,0.48828125,0,11.2,40,60,86,135,575,168,106,0
38,39,"{""elapsed_ms"":9500,""raw_hex"":""0218711704A71900FFFF70506456890244A86A0000000041""}",FF;FF;FF;FF;FF;02;18;71;17;04;A7;19;00;FF;FF;70;50;64;56;89;02;44;A8;6A;00;00;00;00;41,True,,True,esp_jsonl,9500.0,elapsed_ms,9500.0,True,,True,255,255,255,255,255,2,24,113,23,4,167,25,0,255,255,112,80,100,86,137,2,68,168,106,0,0,0,0,65,1191,0.48828125,0,11.2,40,60,86,137,580,168,106,0
39,40,"{""elapsed_ms"":9749,""raw_hex"":""0218711704841900FFFF7050645687023DA86A000000006D""}",FF;FF;FF;FF;FF;02;18;71;17;04;84;19;00;FF;FF;70;50;64;56;87;02;3D;A8;6A;00;00;00;00;6D,True,,True,esp_jsonl,9749.0,elapsed_ms,9749.0,True,,True,255,255,255,255,255,2,24,113,23,4,132,25,0,255,255,112,80,100,86,135,2,61,168,106,0,0,0,0,109,1156,0.48828125,0,11.2,40,60,86,135,573,168,106,0
40,41,"{""elapsed_ms"":9999,""raw_hex"":""0218711704C31900FFFF7050645688023BA86A000000002F""}",FF;FF;FF;FF;FF;02;18;71;17;04;C3;19;00;FF;FF;70;50;64;56;88;02;3B;A8;6A;00;00;00;00;2F,True,,True,esp_jsonl,9999.0,elapsed_ms,9999.0,True,,True,255,255,255,255,255,2,24,113,23,4,195,25,0,255,255,112,80,100,86,136,2,59,168,106,0,0,0,0,47,1219,0.48828125,0,11.2,40,60,86,136,571,168,106,0
41,42,"{""elapsed_ms"":10251,""raw_hex"":""0218711704D51900FFFF7050645691022BA86A0000000024""}",FF;FF;FF;FF;FF;02;18;71;17;04;D5;19;00;FF;FF;70;50;64;56;91;02;2B;A8;6A;00;00;00;00;24,True,,True,esp_jsonl,10251.0,elapsed_ms,10251.0,True,,True,255,255,255,255,255,2,24,113,23,4,213,25,0,255,255,112,80,100,86,145,2,43,168,106,0,0,0,0,36,1237,0.48828125,0,11.2,40,60,86,145,555,168,106,0
42,43,"{""elapsed_ms"":10499,""raw_hex"":""0218711704B41900FFFF7050645691022DA86A0000000043""}",FF;FF;FF;FF;FF;02;18;71;17;04;B4;19;00;FF;FF;70;50;64;56;91;02;2D;A8;6A;00;00;00;00;43,True,,True,esp_jsonl,10499.0,elapsed_ms,10499.0,True,,True,255,255,255,255,255,2,24,113,23,4,180,25,0,255,255,112,80,100,86,145,2,45,168,106,0,0,0,0,67,1204,0.48828125,0,11.2,40,60,86,145,557,168,106,0
43,44,"{""elapsed_ms"":10749,""raw_hex"":""0218711704FE1C01FFFF7050645690025CA86A00000000C7""}",FF;FF;FF;FF;FF;02;18;71;17;04;FE;1C;01;FF;FF;70;50;64;56;90;02;5C;A8;6A;00;00;00;00;C7,True,,True,esp_jsonl,10749.0,elapsed_ms,10749.0,True,,True,255,255,255,255,255,2,24,113,23,4,254,28,1,255,255,112,80,100,86,144,2,92,168,106,0,0,0,0,199,1278,0.546875,1,11.2,40,60,86,144,604,168,106,0
44,45,"{""elapsed_ms"":11001,""raw_hex"":""02187117059E2A0DFFFF705064569403399F4D0000000050""}",FF;FF;FF;FF;FF;02;18;71;17;05;9E;2A;0D;FF;FF;70;50;64;56;94;03;39;9F;4D;00;00;00;00;50,True,,True,esp_jsonl,11001.0,elapsed_ms,11001.0,True,,True,255,255,255,255,255,2,24,113,23,5,158,42,13,255,255,112,80,100,86,148,3,57,159,77,0,0,0,0,80,1438,0.8203125,13,11.2,40,60,86,148,825,159,77,0
45,46,"{""elapsed_ms"":11250,""raw_hex"":""0218711708A22B0DFFFF7050645693040EB470000000003B""}",FF;FF;FF;FF;FF;02;18;71;17;08;A2;2B;0D;FF;FF;70;50;64;56;93;04;0E;B4;70;00;00;00;00;3B,True,,True,esp_jsonl,11250.0,elapsed_ms,11250.0,True,,True,255,255,255,255,255,2,24,113,23,8,162,43,13,255,255,112,80,100,86,147,4,14,180,112,0,0,0,0,59,2210,0.83984375,13,11.2,40,60,86,147,1038,180,112,0
46,47,"{""elapsed_ms"":11499,""raw_hex"":""021871170C702C0EFFFF70506456910392C57000000000D5""}",FF;FF;FF;FF;FF;02;18;71;17;0C;70;2C;0E;FF;FF;70;50;64;56;91;03;92;C5;70;00;00;00;00;D5,True,,True,esp_jsonl,11499.0,elapsed_ms,11499.0,True,,True,255,255,255,255,255,2,24,113,23,12,112,44,14,255,255,112,80,100,86,145,3,146,197,112,0,0,0,0,213,3184,0.859375,14,11.2,40,60,86,145,914,197,112,0
47,48,"{""elapsed_ms"":11748,""raw_hex"":""021871170D5C2C0EFFFF70506456920378CB7000000000FB""}",FF;FF;FF;FF;FF;02;18;71;17;0D;5C;2C;0E;FF;FF;70;50;64;56;92;03;78;CB;70;00;00;00;00;FB,True,,True,esp_jsonl,11748.0,elapsed_ms,11748.0,True,,True,255,255,255,255,255,2,24,113,23,13,92,44,14,255,255,112,80,100,86,146,3,120,203,112,0,0,0,0,251,3420,0.859375,14,11.2,40,60,86,146,888,203,112,0
48,49,"{""elapsed_ms"":12001,""raw_hex"":""021871170D492A0DFFFF70506456910362CD700100000025""}",FF;FF;FF;FF;FF;02;18;71;17;0D;49;2A;0D;FF;FF;70;50;64;56;91;03;62;CD;70;01;00;00;00;25,True,,True,esp_jsonl,12001.0,elapsed_ms,12001.0,True,,True,255,255,255,255,255,2,24,113,23,13,73,42,13,255,255,112,80,100,86,145,3,98,205,112,1,0,0,0,37,3401,0.8203125,13,11.2,40,60,86,145,866,205,112,1
49,50,"{""elapsed_ms"":12250,""raw_hex"":""021871170D292A0DFFFF70506456910360CD700200000046""}",FF;FF;FF;FF;FF;02;18;71;17;0D;29;2A;0D;FF;FF;70;50;64;56;91;03;60;CD;70;02;00;00;00;46,True,,True,esp_jsonl,12250.0,elapsed_ms,12250.0,True,,True,255,255,255,255,255,2,24,113,23,13,41,42,13,255,255,112,80,100,86,145,3,96,205,112,2,0,0,0,70,3369,0.8203125,13,11.2,40,60,86,145,864,205,112,2
50,51,"{""elapsed_ms"":12499,""raw_hex"":""021871170CFB2A0CFFFF70506456910358CD70030000007D""}",FF;FF;FF;FF;FF;02;18;71;17;0C;FB;2A;0C;FF;FF;70;50;64;56;91;03;58;CD;70;03;00;00;00;7D,True,,True,esp_jsonl,12499.0,elapsed_ms,12499.0,True,,True,255,255,255,255,255,2,24,113,23,12,251,42,12,255,255,112,80,100,86,145,3,88,205,112,3,0,0,0,125,3323,0.8203125,12,11.2,40,60,86,145,856,205,112,3
51,52,"{""elapsed_ms"":12751,""raw_hex"":""021871170AFB1900FFFF70506456910000976A0400000032""}",FF;FF;FF;FF;FF;02;18;71;17;0A;FB;19;00;FF;FF;70;50;64;56;91;00;00;97;6A;04;00;00;00;32,True,,True,esp_jsonl,12751.0,elapsed_ms,12751.0,True,,True,255,255,255,255,255,2,24,113,23,10,251,25,0,255,255,112,80,100,86,145,0,0,151,106,4,0,0,0,50,2811,0.48828125,0,11.2,40,60,86,145,0,151,106,4
52,53,"{""elapsed_ms"":13000,""raw_hex"":""0218711707F81900FFFF705064569201A4AF6A040000007A""}",FF;FF;FF;FF;FF;02;18;71;17;07;F8;19;00;FF;FF;70;50;64;56;92;01;A4;AF;6A;04;00;00;00;7A,True,,True,esp_jsonl,13000.0,elapsed_ms,13000.0,True,,True,255,255,255,255,255,2,24,113,23,7,248,25,0,255,255,112,80,100,86,146,1,164,175,106,4,0,0,0,122,2040,0.48828125,0,11.2,40,60,86,146,420,175,106,4
53,54,"{""elapsed_ms"":13249,""raw_hex"":""0218711706471900FFFF705063569201E4B56A04000000E7""}",FF;FF;FF;FF;FF;02;18;71;17;06;47;19;00;FF;FF;70;50;63;56;92;01;E4;B5;6A;04;00;00;00;E7,True,,True,esp_jsonl,13249.0,elapsed_ms,13249.0,True,,True,255,255,255,255,255,2,24,113,23,6,71,25,0,255,255,112,80,99,86,146,1,228,181,106,4,0,0,0,231,1607,0.48828125,0,11.2,40,59,86,146,484,181,106,4
54,55,"{""elapsed_ms"":13499,""raw_hex"":""0218711705A31900FFFF70506356900208B26A030000006D""}",FF;FF;FF;FF;FF;02;18;71;17;05;A3;19;00;FF;FF;70;50;63;56;90;02;08;B2;6A;03;00;00;00;6D,True,,True,esp_jsonl,13499.0,elapsed_ms,13499.0,True,,True,255,255,255,255,255,2,24,113,23,5,163,25,0,255,255,112,80,99,86,144,2,8,178,106,3,0,0,0,109,1443,0.48828125,0,11.2,40,59,86,144,520,178,106,3
55,56,"{""elapsed_ms"":13750,""raw_hex"":""0218711705241900FFFF705063568F0218A86A02000000E8""}",FF;FF;FF;FF;FF;02;18;71;17;05;24;19;00;FF;FF;70;50;63;56;8F;02;18;A8;6A;02;00;00;00;E8,True,,True,esp_jsonl,13750.0,elapsed_ms,13750.0,True,,True,255,255,255,255,255,2,24,113,23,5,36,25,0,255,255,112,80,99,86,143,2,24,168,106,2,0,0,0,232,1316,0.48828125,0,11.2,40,59,86,143,536,168,106,2
56,57,"{""elapsed_ms"":14000,""raw_hex"":""0218711704D11900FFFF705063568D0222A86A0100000035""}",FF;FF;FF;FF;FF;02;18;71;17;04;D1;19;00;FF;FF;70;50;63;56;8D;02;22;A8;6A;01;00;00;00;35,True,,True,esp_jsonl,14000.0,elapsed_ms,14000.0,True,,True,255,255,255,255,255,2,24,113,23,4,209,25,0,255,255,112,80,99,86,141,2,34,168,106,1,0,0,0,53,1233,0.48828125,0,11.2,40,59,86,141,546,168,106,1
57,58,"{""elapsed_ms"":14249,""raw_hex"":""0218711704E71900FFFF705063568C0220A86A0000000023""}",FF;FF;FF;FF;FF;02;18;71;17;04;E7;19;00;FF;FF;70;50;63;56;8C;02;20;A8;6A;00;00;00;00;23,True,,True,esp_jsonl,14249.0,elapsed_ms,14249.0,True,,True,255,255,255,255,255,2,24,113,23,4,231,25,0,255,255,112,80,99,86,140,2,32,168,106,0,0,0,0,35,1255,0.48828125,0,11.2,40,59,86,140,544,168,106,0
58,59,"{""elapsed_ms"":14501,""raw_hex"":""0218711704DA1900FFFF70506356840225A86A0000000033""}",FF;FF;FF;FF;FF;02;18;71;17;04;DA;19;00;FF;FF;70;50;63;56;84;02;25;A8;6A;00;00;00;00;33,True,,True,esp_jsonl,14501.0,elapsed_ms,14501.0,True,,True,255,255,255,255,255,2,24,113,23,4,218,25,0,255,255,112,80,99,86,132,2,37,168,106,0,0,0,0,51,1242,0.48828125,0,11.2,40,59,86,132,549,168,106,0
59,60,"{""elapsed_ms"":14750,""raw_hex"":""02187117048C1900FFFF705063568B0232A86A000000006D""}",FF;FF;FF;FF;FF;02;18;71;17;04;8C;19;00;FF;FF;70;50;63;56;8B;02;32;A8;6A;00;00;00;00;6D,True,,True,esp_jsonl,14750.0,elapsed_ms,14750.0,True,,True,255,255,255,255,255,2,24,113,23,4,140,25,0,255,255,112,80,99,86,139,2,50,168,106,0,0,0,0,109,1164,0.48828125,0,11.2,40,59,86,139,562,168,106,0
60,61,"{""elapsed_ms"":14999,""raw_hex"":""02187117042F1900FFFF70506356850246A86A00000000BC""}",FF;FF;FF;FF;FF;02;18;71;17;04;2F;19;00;FF;FF;70;50;63;56;85;02;46;A8;6A;00;00;00;00;BC,True,,True,esp_jsonl,14999.0,elapsed_ms,14999.0,True,,True,255,255,255,255,255,2,24,113,23,4,47,25,0,255,255,112,80,99,86,133,2,70,168,106,0,0,0,0,188,1071,0.48828125,0,11.2,40,59,86,133,582,168,106,0
61,62,"{""elapsed_ms"":15248,""raw_hex"":""0218711704F01900FFFF705063568B022AA86A0000000011""}",FF;FF;FF;FF;FF;02;18;71;17;04;F0;19;00;FF;FF;70;50;63;56;8B;02;2A;A8;6A;00;00;00;00;11,True,,True,esp_jsonl,15248.0,elapsed_ms,15248.0,True,,True,255,255,255,255,255,2,24,113,23,4,240,25,0,255,255,112,80,99,86,139,2,42,168,106,0,0,0,0,17,1264,0.48828125,0,11.2,40,59,86,139,554,168,106,0
62,63,"{""elapsed_ms"":15500,""raw_hex"":""0218711704E91900FFFF705063568A0224A86A000000001F""}",FF;FF;FF;FF;FF;02;18;71;17;04;E9;19;00;FF;FF;70;50;63;56;8A;02;24;A8;6A;00;00;00;00;1F,True,,True,esp_jsonl,15500.0,elapsed_ms,15500.0,True,,True,255,255,255,255,255,2,24,113,23,4,233,25,0,255,255,112,80,99,86,138,2,36,168,106,0,0,0,0,31,1257,0.48828125,0,11.2,40,59,86,138,548,168,106,0
63,64,"{""elapsed_ms"":15750,""raw_hex"":""0218711704F41900FFFF705063568D0223A86A0000000012""}",FF;FF;FF;FF;FF;02;18;71;17;04;F4;19;00;FF;FF;70;50;63;56;8D;02;23;A8;6A;00;00;00;00;12,True,,True,esp_jsonl,15750.0,elapsed_ms,15750.0,True,,True,255,255,255,255,255,2,24,113,23,4,244,25,0,255,255,112,80,99,86,141,2,35,168,106,0,0,0,0,18,1268,0.48828125,0,11.2,40,59,86,141,547,168,106,0
64,65,"{""elapsed_ms"":15999,""raw_hex"":""0218711704A91900FFFF705063568C022CA86A0000000055""}",FF;FF;FF;FF;FF;02;18;71;17;04;A9;19;00;FF;FF;70;50;63;56;8C;02;2C;A8;6A;00;00;00;00;55,True,,True,esp_jsonl,15999.0,elapsed_ms,15999.0,True,,True,255,255,255,255,255,2,24,113,23,4,169,25,0,255,255,112,80,99,86,140,2,44,168,106,0,0,0,0,85,1193,0.48828125,0,11.2,40,59,86,140,556,168,106,0
65,66,"{""elapsed_ms"":16251,""raw_hex"":""0218711704FF1900FFFF70506356890220A86A000000000E""}",FF;FF;FF;FF;FF;02;18;71;17;04;FF;19;00;FF;FF;70;50;63;56;89;02;20;A8;6A;00;00;00;00;0E,True,,True,esp_jsonl,16251.0,elapsed_ms,16251.0,True,,True,255,255,255,255,255,2,24,113,23,4,255,25,0,255,255,112,80,99,86,137,2,32,168,106,0,0,0,0,14,1279,0.48828125,0,11.2,40,59,86,137,544,168,106,0
66,67,"{""elapsed_ms"":16500,""raw_hex"":""0218711704CD1900FFFF70506356870224A86A000000003E""}",FF;FF;FF;FF;FF;02;18;71;17;04;CD;19;00;FF;FF;70;50;63;56;87;02;24;A8;6A;00;00;00;00;3E,True,,True,esp_jsonl,16500.0,elapsed_ms,16500.0,True,,True,255,255,255,255,255,2,24,113,23,4,205,25,0,255,255,112,80,99,86,135,2,36,168,106,0,0,0,0,62,1229,0.48828125,0,11.2,40,59,86,135,548,168,106,0
67,68,"{""elapsed_ms"":16749,""raw_hex"":""0218711704CE1900FFFF70506356870231A86A010000002F""}",FF;FF;FF;FF;FF;02;18;71;17;04;CE;19;00;FF;FF;70;50;63;56;87;02;31;A8;6A;01;00;00;00;2F,True,,True,esp_jsonl,16749.0,elapsed_ms,16749.0,True,,True,255,255,255,255,255,2,24,113,23,4,206,25,0,255,255,112,80,99,86,135,2,49,168,106,1,0,0,0,47,1230,0.48828125,0,11.2,40,59,86,135,561,168,106,1
68,69,"{""elapsed_ms"":16999,""raw_hex"":""0218711704A21900FFFF70506356870232A86A010000005A""}",FF;FF;FF;FF;FF;02;18;71;17;04;A2;19;00;FF;FF;70;50;63;56;87;02;32;A8;6A;01;00;00;00;5A,True,,True,esp_jsonl,16999.0,elapsed_ms,16999.0,True,,True,255,255,255,255,255,2,24,113,23,4,162,25,0,255,255,112,80,99,86,135,2,50,168,106,1,0,0,0,90,1186,0.48828125,0,11.2,40,59,86,135,562,168,106,1
69,70,"{""elapsed_ms"":17250,""raw_hex"":""0218711704B31900FFFF70506356840233A86A010000004B""}",FF;FF;FF;FF;FF;02;18;71;17;04;B3;19;00;FF;FF;70;50;63;56;84;02;33;A8;6A;01;00;00;00;4B,True,,True,esp_jsonl,17250.0,elapsed_ms,17250.0,True,,True,255,255,255,255,255,2,24,113,23,4,179,25,0,255,255,112,80,99,86,132,2,51,168,106,1,0,0,0,75,1203,0.48828125,0,11.2,40,59,86,132,563,168,106,1
70,71,"{""elapsed_ms"":17500,""raw_hex"":""0218711704CC1900FFFF705062578B023BA86A0100000023""}",FF;FF;FF;FF;FF;02;18;71;17;04;CC;19;00;FF;FF;70;50;62;57;8B;02;3B;A8;6A;01;00;00;00;23,True,,True,esp_jsonl,17500.0,elapsed_ms,17500.0,True,,True,255,255,255,255,255,2,24,113,23,4,204,25,0,255,255,112,80,98,87,139,2,59,168,106,1,0,0,0,35,1228,0.48828125,0,11.2,40,58,87,139,571,168,106,1
71,72,"{""elapsed_ms"":17749,""raw_hex"":""0218711704851900FFFF70506257870237A86A0100000072""}",FF;FF;FF;FF;FF;02;18;71;17;04;85;19;00;FF;FF;70;50;62;57;87;02;37;A8;6A;01;00;00;00;72,True,,True,esp_jsonl,17749.0,elapsed_ms,17749.0,True,,True,255,255,255,255,255,2,24,113,23,4,133,25,0,255,255,112,80,98,87,135,2,55,168,106,1,0,0,0,114,1157,0.48828125,0,11.2,40,58,87,135,567,168,106,1
72,73,"{""elapsed_ms"":18001,""raw_hex"":""0218711704D71900FFFF7050625788023CA86A010000001A""}",FF;FF;FF;FF;FF;02;18;71;17;04;D7;19;00;FF;FF;70;50;62;57;88;02;3C;A8;6A;01;00;00;00;1A,True,,True,esp_jsonl,18001.0,elapsed_ms,18001.0,True,,True,255,255,255,255,255,2,24,113,23,4,215,25,0,255,255,112,80,98,87,136,2,60,168,106,1,0,0,0,26,1239,0.48828125,0,11.2,40,58,87,136,572,168,106,1
73,74,"{""elapsed_ms"":18250,""raw_hex"":""0218711704F01A00FFFF70506257840247A86A01000000F9""}",FF;FF;FF;FF;FF;02;18;71;17;04;F0;1A;00;FF;FF;70;50;62;57;84;02;47;A8;6A;01;00;00;00;F9,True,,True,esp_jsonl,18250.0,elapsed_ms,18250.0,True,,True,255,255,255,255,255,2,24,113,23,4,240,26,0,255,255,112,80,98,87,132,2,71,168,106,1,0,0,0,249,1264,0.5078125,0,11.2,40,58,87,132,583,168,106,1
74,75,"{""elapsed_ms"":18499,""raw_hex"":""0218711704A11A00FFFF705062578B026CA86A010000001C""}",FF;FF;FF;FF;FF;02;18;71;17;04;A1;1A;00;FF;FF;70;50;62;57;8B;02;6C;A8;6A;01;00;00;00;1C,True,,True,esp_jsonl,18499.0,elapsed_ms,18499.0,True,,True,255,255,255,255,255,2,24,113,23,4,161,26,0,255,255,112,80,98,87,139,2,108,168,106,1,0,0,0,28,1185,0.5078125,0,11.2,40,58,87,139,620,168,106,1
75,76,"{""elapsed_ms"":18749,""raw_hex"":""0218711704E61A00FFFF705062578D02A0A86A01000000A1""}",FF;FF;FF;FF;FF;02;18;71;17;04;E6;1A;00;FF;FF;70;50;62;57;8D;02;A0;A8;6A;01;00;00;00;A1,True,,True,esp_jsonl,18749.0,elapsed_ms,18749.0,True,,True,255,255,255,255,255,2,24,113,23,4,230,26,0,255,255,112,80,98,87,141,2,160,168,106,1,0,0,0,161,1254,0.5078125,0,11.2,40,58,87,141,672,168,106,1
76,77,"{""elapsed_ms"":19000,""raw_hex"":""02187117052D1B01FFFF705062578F0271A86A0100000084""}",FF;FF;FF;FF;FF;02;18;71;17;05;2D;1B;01;FF;FF;70;50;62;57;8F;02;71;A8;6A;01;00;00;00;84,True,,True,esp_jsonl,19000.0,elapsed_ms,19000.0,True,,True,255,255,255,255,255,2,24,113,23,5,45,27,1,255,255,112,80,98,87,143,2,113,168,106,1,0,0,0,132,1325,0.52734375,1,11.2,40,58,87,143,625,168,106,1
77,78,"{""elapsed_ms"":19249,""raw_hex"":""02187117050E1900FFFF705062578E0214A86A0100000004""}",FF;FF;FF;FF;FF;02;18;71;17;05;0E;19;00;FF;FF;70;50;62;57;8E;02;14;A8;6A;01;00;00;00;04,True,,True,esp_jsonl,19249.0,elapsed_ms,19249.0,True,,True,255,255,255,255,255,2,24,113,23,5,14,25,0,255,255,112,80,98,87,142,2,20,168,106,1,0,0,0,4,1294,0.48828125,0,11.2,40,58,87,142,532,168,106,1
78,79,"{""elapsed_ms"":19499,""raw_hex"":""0218711704DE1900FFFF705062578B021BA86A0100000031""}",FF;FF;FF;FF;FF;02;18;71;17;04;DE;19;00;FF;FF;70;50;62;57;8B;02;1B;A8;6A;01;00;00;00;31,True,,True,esp_jsonl,19499.0,elapsed_ms,19499.0,True,,True,255,255,255,255,255,2,24,113,23,4,222,25,0,255,255,112,80,98,87,139,2,27,168,106,1,0,0,0,49,1246,0.48828125,0,11.2,40,58,87,139,539,168,106,1
79,80,"{""elapsed_ms"":19751,""raw_hex"":""0218711704411900FFFF7050625786023EA86A01000000B0""}",FF;FF;FF;FF;FF;02;18;71;17;04;41;19;00;FF;FF;70;50;62;57;86;02;3E;A8;6A;01;00;00;00;B0,True,,True,esp_jsonl,19751.0,elapsed_ms,19751.0,True,,True,255,255,255,255,255,2,24,113,23,4,65,25,0,255,255,112,80,98,87,134,2,62,168,106,1,0,0,0,176,1089,0.48828125,0,11.2,40,58,87,134,574,168,106,1
80,81,"{""elapsed_ms"":20000,""raw_hex"":""0218711704AA1900FFFF70506257850233A86A0100000053""}",FF;FF;FF;FF;FF;02;18;71;17;04;AA;19;00;FF;FF;70;50;62;57;85;02;33;A8;6A;01;00;00;00;53,True,,True,esp_jsonl,20000.0,elapsed_ms,20000.0,True,,True,255,255,255,255,255,2,24,113,23,4,170,25,0,255,255,112,80,98,87,133,2,51,168,106,1,0,0,0,83,1194,0.48828125,0,11.2,40,58,87,133,563,168,106,1
81,82,"{""elapsed_ms"":20250,""raw_hex"":""02187117049A2307FFFF705062578602F0975501000000BA""}",FF;FF;FF;FF;FF;02;18;71;17;04;9A;23;07;FF;FF;70;50;62;57;86;02;F0;97;55;01;00;00;00;BA,True,,True,esp_jsonl,20250.0,elapsed_ms,20250.0,True,,True,255,255,255,255,255,2,24,113,23,4,154,35,7,255,255,112,80,98,87,134,2,240,151,85,1,0,0,0,186,1178,0.68359375,7,11.2,40,58,87,134,752,151,85,1
82,83,"{""elapsed_ms"":20498,""raw_hex"":""0218711706F33616FFFF705062578F0521A47000000000D9""}",FF;FF;FF;FF;FF;02;18;71;17;06;F3;36;16;FF;FF;70;50;62;57;8F;05;21;A4;70;00;00;00;00;D9,True,,True,esp_jsonl,20498.0,elapsed_ms,20498.0,True,,True,255,255,255,255,255,2,24,113,23,6,243,54,22,255,255,112,80,98,87,143,5,33,164,112,0,0,0,0,217,1779,1.0546875,22,11.2,40,58,87,143,1313,164,112,0
83,84,"{""elapsed_ms"":20750,""raw_hex"":""021871170BF53717FFFF70506157930444B170000000009E""}",FF;FF;FF;FF;FF;02;18;71;17;0B;F5;37;17;FF;FF;70;50;61;57;93;04;44;B1;70;00;00;00;00;9E,True,,True,esp_jsonl,20750.0,elapsed_ms,20750.0,True,,True,255,255,255,255,255,2,24,113,23,11,245,55,23,255,255,112,80,97,87,147,4,68,177,112,0,0,0,0,158,3061,1.07421875,23,11.2,40,57,87,147,1092,177,112,0
84,85,"{""elapsed_ms"":21000,""raw_hex"":""021871170DE43717FFFF7050615790040EBA7000000000DD""}",FF;FF;FF;FF;FF;02;18;71;17;0D;E4;37;17;FF;FF;70;50;61;57;90;04;0E;BA;70;00;00;00;00;DD,True,,True,esp_jsonl,21000.0,elapsed_ms,21000.0,True,,True,255,255,255,255,255,2,24,113,23,13,228,55,23,255,255,112,80,97,87,144,4,14,186,112,0,0,0,0,221,3556,1.07421875,23,11.2,40,57,87,144,1038,186,112,0
85,86,"{""elapsed_ms"":21249,""raw_hex"":""021871170DEA3717FFFF70506157910406BA7001000000DD""}",FF;FF;FF;FF;FF;02;18;71;17;0D;EA;37;17;FF;FF;70;50;61;57;91;04;06;BA;70;01;00;00;00;DD,True,,True,esp_jsonl,21249.0,elapsed_ms,21249.0,True,,True,255,255,255,255,255,2,24,113,23,13,234,55,23,255,255,112,80,97,87,145,4,6,186,112,1,0,0,0,221,3562,1.07421875,23,11.2,40,57,87,145,1030,186,112,1
86,87,"{""elapsed_ms"":21501,""raw_hex"":""021871170DA32A0DFFFF70506157910354CF7003000000D7""}",FF;FF;FF;FF;FF;02;18;71;17;0D;A3;2A;0D;FF;FF;70;50;61;57;91;03;54;CF;70;03;00;00;00;D7,True,,True,esp_jsonl,21501.0,elapsed_ms,21501.0,True,,True,255,255,255,255,255,2,24,113,23,13,163,42,13,255,255,112,80,97,87,145,3,84,207,112,3,0,0,0,215,3491,0.8203125,13,11.2,40,57,87,145,852,207,112,3
87,88,"{""elapsed_ms"":21750,""raw_hex"":""021871170D182B0DFFFF70506157930368CC70040000004D""}",FF;FF;FF;FF;FF;02;18;71;17;0D;18;2B;0D;FF;FF;70;50;61;57;93;03;68;CC;70;04;00;00;00;4D,True,,True,esp_jsonl,21750.0,elapsed_ms,21750.0,True,,True,255,255,255,255,255,2,24,113,23,13,24,43,13,255,255,112,80,97,87,147,3,104,204,112,4,0,0,0,77,3352,0.83984375,13,11.2,40,57,87,147,872,204,112,4
88,89,"{""elapsed_ms"":21999,""raw_hex"":""021871170CE02308FFFF70506157900213DF4D06000000FA""}",FF;FF;FF;FF;FF;02;18;71;17;0C;E0;23;08;FF;FF;70;50;61;57;90;02;13;DF;4D;06;00;00;00;FA,True,,True,esp_jsonl,21999.0,elapsed_ms,21999.0,True,,True,255,255,255,255,255,2,24,113,23,12,224,35,8,255,255,112,80,97,87,144,2,19,223,77,6,0,0,0,250,3296,0.68359375,8,11.2,40,57,87,144,531,223,77,6
89,90,"{""elapsed_ms"":22249,""raw_hex"":""021871170AEE1E03FFFF705061579201BED655060000004D""}",FF;FF;FF;FF;FF;02;18;71;17;0A;EE;1E;03;FF;FF;70;50;61;57;92;01;BE;D6;55;06;00;00;00;4D,True,,True,esp_jsonl,22249.0,elapsed_ms,22249.0,True,,True,255,255,255,255,255,2,24,113,23,10,238,30,3,255,255,112,80,97,87,146,1,190,214,85,6,0,0,0,77,2798,0.5859375,3,11.2,40,57,87,146,446,214,85,6
90,91,"{""elapsed_ms"":22500,""raw_hex"":""0218711708E51900FFFF70506157930196976A06000000B1""}",FF;FF;FF;FF;FF;02;18;71;17;08;E5;19;00;FF;FF;70;50;61;57;93;01;96;97;6A;06;00;00;00;B1,True,,True,esp_jsonl,22500.0,elapsed_ms,22500.0,True,,True,255,255,255,255,255,2,24,113,23,8,229,25,0,255,255,112,80,97,87,147,1,150,151,106,6,0,0,0,177,2277,0.48828125,0,11.2,40,57,87,147,406,151,106,6
91,92,"{""elapsed_ms"":22750,""raw_hex"":""0218711706FE1900FFFF705061579001D5B56A0500000041""}",FF;FF;FF;FF;FF;02;18;71;17;06;FE;19;00;FF;FF;70;50;61;57;90;01;D5;B5;6A;05;00;00;00;41,True,,True,esp_jsonl,22750.0,elapsed_ms,22750.0,True,,True,255,255,255,255,255,2,24,113,23,6,254,25,0,255,255,112,80,97,87,144,1,213,181,106,5,0,0,0,65,1790,0.48828125,0,11.2,40,57,87,144,469,181,106,5
92,93,"{""elapsed_ms"":22999,""raw_hex"":""0218711705DE1900FFFF7050615792020EB56A0400000027""}",FF;FF;FF;FF;FF;02;18;71;17;05;DE;19;00;FF;FF;70;50;61;57;92;02;0E;B5;6A;04;00;00;00;27,True,,True,esp_jsonl,22999.0,elapsed_ms,22999.0,True,,True,255,255,255,255,255,2,24,113,23,5,222,25,0,255,255,112,80,97,87,146,2,14,181,106,4,0,0,0,39,1502,0.48828125,0,11.2,40,57,87,146,526,181,106,4
93,94,"{""elapsed_ms"":23251,""raw_hex"":""0218711705761900FFFF7050615792021DAA6A030000008C""}",FF;FF;FF;FF;FF;02;18;71;17;05;76;19;00;FF;FF;70;50;61;57;92;02;1D;AA;6A;03;00;00;00;8C,True,,True,esp_jsonl,23251.0,elapsed_ms,23251.0,True,,True,255,255,255,255,255,2,24,113,23,5,118,25,0,255,255,112,80,97,87,146,2,29,170,106,3,0,0,0,140,1398,0.48828125,0,11.2,40,57,87,146,541,170,106,3
94,95,"{""elapsed_ms"":23500,""raw_hex"":""0218711704F21900FFFF705061578E0228A86A030000000C""}",FF;FF;FF;FF;FF;02;18;71;17;04;F2;19;00;FF;FF;70;50;61;57;8E;02;28;A8;6A;03;00;00;00;0C,True,,True,esp_jsonl,23500.0,elapsed_ms,23500.0,True,,True,255,255,255,255,255,2,24,113,23,4,242,25,0,255,255,112,80,97,87,142,2,40,168,106,3,0,0,0,12,1266,0.48828125,0,11.2,40,57,87,142,552,168,106,3
95,96,"{""elapsed_ms"":23749,""raw_hex"":""0218711704B11900FFFF705061578D0236A86A0300000040""}",FF;FF;FF;FF;FF;02;18;71;17;04;B1;19;00;FF;FF;70;50;61;57;8D;02;36;A8;6A;03;00;00;00;40,True,,True,esp_jsonl,23749.0,elapsed_ms,23749.0,True,,True,255,255,255,255,255,2,24,113,23,4,177,25,0,255,255,112,80,97,87,141,2,54,168,106,3,0,0,0,64,1201,0.48828125,0,11.2,40,57,87,141,566,168,106,3
96,97,"{""elapsed_ms"":23999,""raw_hex"":""0218711704CE1900FFFF705060578E0232A86A0200000028""}",FF;FF;FF;FF;FF;02;18;71;17;04;CE;19;00;FF;FF;70;50;60;57;8E;02;32;A8;6A;02;00;00;00;28,True,,True,esp_jsonl,23999.0,elapsed_ms,23999.0,True,,True,255,255,255,255,255,2,24,113,23,4,206,25,0,255,255,112,80,96,87,142,2,50,168,106,2,0,0,0,40,1230,0.48828125,0,11.2,40,56,87,142,562,168,106,2
97,98,"{""elapsed_ms"":24250,""raw_hex"":""0218711704E91900FFFF7050605788022DA86A0200000018""}",FF;FF;FF;FF;FF;02;18;71;17;04;E9;19;00;FF;FF;70;50;60;57;88;02;2D;A8;6A;02;00;00;00;18,True,,True,esp_jsonl,24250.0,elapsed_ms,24250.0,True,,True,255,255,255,255,255,2,24,113,23,4,233,25,0,255,255,112,80,96,87,136,2,45,168,106,2,0,0,0,24,1257,0.48828125,0,11.2,40,56,87,136,557,168,106,2
98,99,"{""elapsed_ms"":24500,""raw_hex"":""0218711704BF1900FFFF705060578B0235A86A0200000037""}",FF;FF;FF;FF;FF;02;18;71;17;04;BF;19;00;FF;FF;70;50;60;57;8B;02;35;A8;6A;02;00;00;00;37,True,,True,esp_jsonl,24500.0,elapsed_ms,24500.0,True,,True,255,255,255,255,255,2,24,113,23,4,191,25,0,255,255,112,80,96,87,139,2,53,168,106,2,0,0,0,55,1215,0.48828125,0,11.2,40,56,87,139,565,168,106,2
99,100,"{""elapsed_ms"":24749,""raw_hex"":""0218711704FB1900FFFF705060578B0230A86A0200000000""}",FF;FF;FF;FF;FF;02;18;71;17;04;FB;19;00;FF;FF;70;50;60;57;8B;02;30;A8;6A;02;00;00;00;00,True,,True,esp_jsonl,24749.0,elapsed_ms,24749.0,True,,True,255,255,255,255,255,2,24,113,23,4,251,25,0,255,255,112,80,96,87,139,2,48,168,106,2,0,0,0,0,1275,0.48828125,0,11.2,40,56,87,139,560,168,106,2
100,101,"{""elapsed_ms"":25001,""raw_hex"":""0218711704D51900FFFF70506057890230A86A0200000028""}",FF;FF;FF;FF;FF;02;18;71;17;04;D5;19;00;FF;FF;70;50;60;57;89;02;30;A8;6A;02;00;00;00;28,True,,True,esp_jsonl,25001.0,elapsed_ms,25001.0,True,,True,255,255,255,255,255,2,24,113,23,4,213,25,0,255,255,112,80,96,87,137,2,48,168,106,2,0,0,0,40,1237,0.48828125,0,11.2,40,56,87,137,560,168,106,2
101,102,"{""elapsed_ms"":25250,""raw_hex"":""0218711704DB1900FFFF7050605789023CA86A0200000016""}",FF;FF;FF;FF;FF;02;18;71;17;04;DB;19;00;FF;FF;70;50;60;57;89;02;3C;A8;6A;02;00;00;00;16,True,,True,esp_jsonl,25250.0,elapsed_ms,25250.0,True,,True,255,255,255,255,255,2,24,113,23,4,219,25,0,255,255,112,80,96,87,137,2,60,168,106,2,0,0,0,22,1243,0.48828125,0,11.2,40,56,87,137,572,168,106,2
102,103,"{""elapsed_ms"":25500,""raw_hex"":""0218711704CD1900FFFF70506057860232A86A0200000031""}",FF;FF;FF;FF;FF;02;18;71;17;04;CD;19;00;FF;FF;70;50;60;57;86;02;32;A8;6A;02;00;00;00;31,True,,True,esp_jsonl,25500.0,elapsed_ms,25500.0,True,,True,255,255,255,255,255,2,24,113,23,4,205,25,0,255,255,112,80,96,87,134,2,50,168,106,2,0,0,0,49,1229,0.48828125,0,11.2,40,56,87,134,562,168,106,2
103,104,"{""elapsed_ms"":25749,""raw_hex"":""0218711704CE1900FFFF7050605787023AA86A0200000027""}",FF;FF;FF;FF;FF;02;18;71;17;04;CE;19;00;FF;FF;70;50;60;57;87;02;3A;A8;6A;02;00;00;00;27,True,,True,esp_jsonl,25749.0,elapsed_ms,25749.0,True,,True,255,255,255,255,255,2,24,113,23,4,206,25,0,255,255,112,80,96,87,135,2,58,168,106,2,0,0,0,39,1230,0.48828125,0,11.2,40,56,87,135,570,168,106,2
104,105,"{""elapsed_ms"":26000,""raw_hex"":""0218711704AE1900FFFF705060578A023DA86A0100000042""}",FF;FF;FF;FF;FF;02;18;71;17;04;AE;19;00;FF;FF;70;50;60;57;8A;02;3D;A8;6A;01;00;00;00;42,True,,True,esp_jsonl,26000.0,elapsed_ms,26000.0,True,,True,255,255,255,255,255,2,24,113,23,4,174,25,0,255,255,112,80,96,87,138,2,61,168,106,1,0,0,0,66,1198,0.48828125,0,11.2,40,56,87,138,573,168,106,1
105,106,"{""elapsed_ms"":26249,""raw_hex"":""0218711705091900FFFF705060578E022CA86A01000000F3""}",FF;FF;FF;FF;FF;02;18;71;17;05;09;19;00;FF;FF;70;50;60;57;8E;02;2C;A8;6A;01;00;00;00;F3,True,,True,esp_jsonl,26249.0,elapsed_ms,26249.0,True,,True,255,255,255,255,255,2,24,113,23,5,9,25,0,255,255,112,80,96,87,142,2,44,168,106,1,0,0,0,243,1289,0.48828125,0,11.2,40,56,87,142,556,168,106,1
106,107,"{""elapsed_ms"":26499,""raw_hex"":""0218711705181900FFFF705060578C021AA86A01000000F8""}",FF;FF;FF;FF;FF;02;18;71;17;05;18;19;00;FF;FF;70;50;60;57;8C;02;1A;A8;6A;01;00;00;00;F8,True,,True,esp_jsonl,26499.0,elapsed_ms,26499.0,True,,True,255,255,255,255,255,2,24,113,23,5,24,25,0,255,255,112,80,96,87,140,2,26,168,106,1,0,0,0,248,1304,0.48828125,0,11.2,40,56,87,140,538,168,106,1
107,108,"{""elapsed_ms"":26751,""raw_hex"":""02187117048B1900FFFF705060578C022BA86A0100000075""}",FF;FF;FF;FF;FF;02;18;71;17;04;8B;19;00;FF;FF;70;50;60;57;8C;02;2B;A8;6A;01;00;00;00;75,True,,True,esp_jsonl,26751.0,elapsed_ms,26751.0,True,,True,255,255,255,255,255,2,24,113,23,4,139,25,0,255,255,112,80,96,87,140,2,43,168,106,1,0,0,0,117,1163,0.48828125,0,11.2,40,56,87,140,555,168,106,1
108,109,"{""elapsed_ms"":27000,""raw_hex"":""0218711704A41900FFFF70505F588A022DA86A010000005C""}",FF;FF;FF;FF;FF;02;18;71;17;04;A4;19;00;FF;FF;70;50;5F;58;8A;02;2D;A8;6A;01;00;00;00;5C,True,,True,esp_jsonl,27000.0,elapsed_ms,27000.0,True,,True,255,255,255,255,255,2,24,113,23,4,164,25,0,255,255,112,80,95,88,138,2,45,168,106,1,0,0,0,92,1188,0.48828125,0,11.2,40,55,88,138,557,168,106,1
109,110,"{""elapsed_ms"":27249,""raw_hex"":""0218711704FE1900FFFF6F505F588A0221A86A010000000F""}",FF;FF;FF;FF;FF;02;18;71;17;04;FE;19;00;FF;FF;6F;50;5F;58;8A;02;21;A8;6A;01;00;00;00;0F,True,,True,esp_jsonl,27249.0,elapsed_ms,27249.0,True,,True,255,255,255,255,255,2,24,113,23,4,254,25,0,255,255,111,80,95,88,138,2,33,168,106,1,0,0,0,15,1278,0.48828125,0,11.1,40,55,88,138,545,168,106,1
110,111,"{""elapsed_ms"":27498,""raw_hex"":""0218711704ED1900FFFF6F505F5887021FA86A0000000026""}",FF;FF;FF;FF;FF;02;18;71;17;04;ED;19;00;FF;FF;6F;50;5F;58;87;02;1F;A8;6A;00;00;00;00;26,True,,True,esp_jsonl,27498.0,elapsed_ms,27498.0,True,,True,255,255,255,255,255,2,24,113,23,4,237,25,0,255,255,111,80,95,88,135,2,31,168,106,0,0,0,0,38,1261,0.48828125,0,11.1,40,55,88,135,543,168,106,0
111,112,"{""elapsed_ms"":27750,""raw_hex"":""0218711704D21900FFFF6F505F58870229A86A0000000037""}",FF;FF;FF;FF;FF;02;18;71;17;04;D2;19;00;FF;FF;6F;50;5F;58;87;02;29;A8;6A;00;00;00;00;37,True,,True,esp_jsonl,27750.0,elapsed_ms,27750.0,True,,True,255,255,255,255,255,2,24,113,23,4,210,25,0,255,255,111,80,95,88,135,2,41,168,106,0,0,0,0,55,1234,0.48828125,0,11.1,40,55,88,135,553,168,106,0
112,113,"{""elapsed_ms"":28000,""raw_hex"":""0218711704C81900FFFF6F505F5888022AA86A000000003F""}",FF;FF;FF;FF;FF;02;18;71;17;04;C8;19;00;FF;FF;6F;50;5F;58;88;02;2A;A8;6A;00;00;00;00;3F,True,,True,esp_jsonl,28000.0,elapsed_ms,28000.0,True,,True,255,255,255,255,255,2,24,113,23,4,200,25,0,255,255,111,80,95,88,136,2,42,168,106,0,0,0,0,63,1224,0.48828125,0,11.1,40,55,88,136,554,168,106,0
113,114,"{""elapsed_ms"":28249,""raw_hex"":""0218711704F91900FFFF6F505F588D0224A86A000000000F""}",FF;FF;FF;FF;FF;02;18;71;17;04;F9;19;00;FF;FF;6F;50;5F;58;8D;02;24;A8;6A;00;00;00;00;0F,True,,True,esp_jsonl,28249.0,elapsed_ms,28249.0,True,,True,255,255,255,255,255,2,24,113,23,4,249,25,0,255,255,111,80,95,88,141,2,36,168,106,0,0,0,0,15,1273,0.48828125,0,11.1,40,55,88,141,548,168,106,0
114,115,"{""elapsed_ms"":28500,""raw_hex"":""0218711704F41900FFFF6F505F588C021EA86A000000001B""}",FF;FF;FF;FF;FF;02;18;71;17;04;F4;19;00;FF;FF;6F;50;5F;58;8C;02;1E;A8;6A;00;00;00;00;1B,True,,True,esp_jsonl,28500.0,elapsed_ms,28500.0,True,,True,255,255,255,255,255,2,24,113,23,4,244,25,0,255,255,111,80,95,88,140,2,30,168,106,0,0,0,0,27,1268,0.48828125,0,11.1,40,55,88,140,542,168,106,0
115,116,"{""elapsed_ms"":28750,""raw_hex"":""0218711705051900FFFF70505F588C021DA86A0000000009""}",FF;FF;FF;FF;FF;02;18;71;17;05;05;19;00;FF;FF;70;50;5F;58;8C;02;1D;A8;6A;00;00;00;00;09,True,,True,esp_jsonl,28750.0,elapsed_ms,28750.0,True,,True,255,255,255,255,255,2,24,113,23,5,5,25,0,255,255,112,80,95,88,140,2,29,168,106,0,0,0,0,9,1285,0.48828125,0,11.2,40,55,88,140,541,168,106,0
116,117,"{""elapsed_ms"":28999,""raw_hex"":""0218711704831900FFFF6F505F588F0228A86A000000007F""}",FF;FF;FF;FF;FF;02;18;71;17;04;83;19;00;FF;FF;6F;50;5F;58;8F;02;28;A8;6A;00;00;00;00;7F,True,,True,esp_jsonl,28999.0,elapsed_ms,28999.0,True,,True,255,255,255,255,255,2,24,113,23,4,131,25,0,255,255,111,80,95,88,143,2,40,168,106,0,0,0,0,127,1155,0.48828125,0,11.1,40,55,88,143,552,168,106,0
