session_id,sample_count,eligible_sample_count,duration_ms,window_count,window_bucket,anomaly_window_count,anomaly_ratio,health_score,overall_status,evidence_policy_status,evidence_policy_reason,model_version,most_unusual_features,decision_score_min,decision_score_p10,decision_score_median,decision_score_p90,decision_score_max,rpm_min,rpm_max,rpm_median,rpm_range,rpm_start,rpm_end,rpm_delta,tps_voltage_min,tps_voltage_max,tps_voltage_median,tps_voltage_range,tps_voltage_start,tps_voltage_end,tps_voltage_delta,tps_raw_min,tps_raw_max,tps_raw_median,tps_raw_range,tps_raw_start,tps_raw_end,tps_raw_delta,battery_voltage_min,battery_voltage_max,battery_voltage_median,battery_voltage_range,battery_voltage_start,battery_voltage_end,battery_voltage_delta,iat_c_min,iat_c_max,iat_c_median,iat_c_range,iat_c_start,iat_c_end,iat_c_delta,ect_c_min,ect_c_max,ect_c_median,ect_c_range,ect_c_start,ect_c_end,ect_c_delta
ride-20260901-0715,117,117,28999,7,5-9,7,1.0,15.45,attention,limited_data,window_count<10;duration_ms<30000;eligible_samples<140,iforest-baseline-20260920T091709Z,ect_c_delta;battery_voltage_median;ect_c_slope;ect_c_first;iat_c_constant_signal,-0.131087,-0.113164,-0.074336,-0.048954,-0.042389,789,3562,1261,2773,789,1155,366,0.488281,1.074219,0.488281,0.585938,0.488281,0.488281,0,0,23,0,23,0,0,0,11,14.8,14.1,3.8,11,14.3,3.3,39,40,40,1,39,40,1,45,48,46,3,45,48,3
ride-20260902-1032,4500,4500,1126253,446,50+,13,0.029148,90.24,monitor,monitor,sufficient_evidence,iforest-baseline-20260920T091709Z,ect_c_delta;iat_c_constant_signal;iat_c_max_absolute_diff;iat_c_range;iat_c_delta,-0.076735,0.026982,0.129192,0.170293,0.185814,929,7780,4075.5,6851,929,2964,2035,0.488281,3.203125,0.761719,2.714844,0.488281,0.820312,0.332031,0,108,10,108,0,12,12,12.6,15.1,14.5,2.5,12.6,14.4,1.8,39,45,41,6,39,45,6,48,92,89,44,48,89,41
ride-20260902-1050,1281,1281,320001,124,50+,2,0.016129,96.39,ok,ok,sufficient_evidence,iforest-baseline-20260920T091709Z,battery_voltage_median;tps_raw_constant_signal;tps_voltage_constant_signal;ect_c_delta;ect_c_slope,-0.033255,0.087284,0.161388,0.184614,0.196069,0,6191,3603,6191,3233,0,-3233,0.488281,2.226562,0.664062,1.738281,0.839844,0.488281,-0.351562,0,69,6,69,14,0,-14,12.8,15.1,14.5,2.3,14.6,12.8,-1.8,45,47,46,2,45,47,2,89,92,90,3,89,90,1
ride-20260903-1349,1249,1249,312499,120,50+,6,0.05,87.25,monitor,monitor,sufficient_evidence,iforest-baseline-20260920T091709Z,iat_c_constant_signal;iat_c_delta;iat_c_max_absolute_diff;iat_c_range;ect_c_delta,-0.053786,0.032667,0.11495,0.158023,0.178181,765,6993,4499,6228,765,1465,700,0.46875,3.886719,0.527344,3.417969,0.46875,0.488281,0.019531,0,135,1,135,0,0,0,12.1,14.9,14.5,2.8,12.1,14.4,2.3,46,47,46,1,46,46,0,89,90,89,1,89,89,0
ride-20260904-1623,3017,3017,755001,297,50+,1,0.003367,93.8,ok,ok,sufficient_evidence,iforest-baseline-20260920T091709Z,ect_c_delta;ect_c_slope;battery_voltage_max_absolute_diff;battery_voltage_delta;battery_voltage_first,-0.036044,0.071862,0.130265,0.173675,0.190897,20,7290,4073,7270,20,1290,1270,0.488281,3.359375,0.625,2.871094,0.488281,0.488281,0,0,114,5,114,0,0,0,11.5,15,14.5,3.5,11.5,14.1,2.6,46,47,47,1,46,47,1,89,93,90,4,89,90,1
ride-20260904-1810,1200,1200,299750,116,50+,116,1.0,14.97,attention,attention,sufficient_evidence,iforest-baseline-20260920T091709Z,tps_raw_min;ect_c_delta;battery_voltage_median;battery_voltage_constant_signal;iat_c_constant_signal,-0.109739,-0.105664,-0.097661,-0.088688,-0.069918,2001,2999,2527,998,2500,2057,-443,0.820312,0.957031,0.888672,0.136719,0.820312,0.957031,0.136719,34,45,39.5,11,34,45,11,12.5,12.5,12.5,0,12.5,12.5,0,42,44,43,2,43,42,-1,108,116,112,8,108,110,2
ride-20260905-0840,4500,4500,1125250,446,50+,6,0.013453,94.34,ok,ok,sufficient_evidence,iforest-baseline-20260920T091709Z,iat_c_constant_signal;iat_c_max_absolute_diff;iat_c_range;iat_c_delta;iat_c_std,-0.030076,0.055582,0.139574,0.181516,0.192504,862,7159,4243.5,6297,862,4255,3393,0.488281,3.476562,0.703125,2.988281,0.488281,0.488281,0,0,119,8,119,0,0,0,12.4,15.1,14.5,2.7,12.4,14.3,1.9,46,48,47,2,46,47,1,88,93,90,5,90,90,0
ride-20260905-0858,3351,3351,838498,331,50+,2,0.006042,96.99,ok,ok,sufficient_evidence,iforest-baseline-20260920T091709Z,ect_c_delta;tps_raw_constant_signal;tps_voltage_constant_signal;battery_voltage_median;ect_c_slope,-0.012465,0.094051,0.165523,0.188618,0.198473,0,6570,3926,6570,4138,0,-4138,0.488281,3.007812,0.761719,2.519531,0.488281,0.488281,0,0,100,10,100,0,0,0,13.2,15,14.5,1.8,14.5,13.3,-1.2,47,48,47,1,47,47,0,89,92,90,3,90,92,2
ride-20260907-1157,923,923,230750,88,50+,9,0.102273,85.21,monitor,monitor,sufficient_evidence,iforest-baseline-20260920T091709Z,ect_c_delta;battery_voltage_median;tps_raw_constant_signal;ect_c_slope;tps_voltage_constant_signal,-0.076606,-0.000139,0.127256,0.180612,0.194872,0,5484,2986,5484,20,0,-20,0.488281,2.285156,0.566406,1.796875,0.488281,0.488281,0,0,71,3,71,0,0,0,10.8,15.1,14.5,4.3,10.8,12.9,2.1,46,47,47,1,46,47,1,70,89,87,19,70,89,19
ride-20260908-1431,4500,4500,1125501,446,50+,6,0.013453,96.06,ok,ok,sufficient_evidence,iforest-baseline-20260920T091709Z,tps_raw_delta;tps_raw_slope;ect_c_delta;battery_voltage_median;ect_c_slope,-0.02182,0.081685,0.162447,0.184506,0.190928,20,7466,4034,7446,20,4037,4017,0.488281,3.300781,0.78125,2.8125,0.488281,0.488281,0,0,112,11,112,0,0,0,10.9,15,14.5,4.1,10.9,14.7,3.8,44,47,44,3,47,44,-3,89,93,90,4,89,89,0
ride-20260908-1449,1889,1889,472252,184,50+,0,0.0,100.0,ok,ok,sufficient_evidence,iforest-baseline-20260920T091709Z,battery_voltage_max_absolute_diff;ect_c_first;ect_c_last;ect_c_mean_absolute_diff;ect_c_delta,0.077488,0.143647,0.173722,0.186367,0.195029,1252,5953,4008,4701,3656,1547,-2109,0.488281,2.597656,0.800781,2.109375,0.488281,0.488281,0,0,84,12,84,0,0,0,13.2,15.1,14.5,1.9,14.5,13.2,-1.3,44,45,45,1,44,45,1,89,90,89,1,89,90,1
ride-20260909-0725,1200,1200,299750,116,50+,116,1.0,15.93,attention,attention,sufficient_evidence,iforest-baseline-20260920T091709Z,tps_raw_min;battery_voltage_median;ect_c_delta;tps_voltage_min;ect_c_slope,-0.071957,-0.069979,-0.066242,-0.062168,-0.06052,1501,2099,1816,598,1800,1534,-266,0.585938,0.683594,0.634766,0.097656,0.585938,0.683594,0.097656,24,31,27.5,7,24,31,7,10.7,10.9,10.8,0.2,10.7,10.9,0.2,35,35,35,0,35,35,0,72,75,73.5,3,72,75,3
ride-20260909-1748,1202,1202,300500,116,50+,114,0.982759,16.3,attention,attention,sufficient_evidence,iforest-baseline-20260920T091709Z,tps_raw_constant_signal;ect_c_delta;tps_voltage_constant_signal;ect_c_slope;ect_c_first,-0.144768,-0.077777,-0.058774,-0.027724,0.043641,723,4659,1359,3936,723,1918,1195,0.488281,1.484375,0.488281,0.996094,0.488281,0.488281,0,0,39,0,39,0,0,0,10.7,15,14.5,4.3,10.7,14.4,3.7,31,33,32,2,31,33,2,32,65,52,33,32,65,33
ride-20260910-0922,531,531,132501,49,20-49,8,0.163265,64.89,attention,attention,sufficient_evidence,iforest-baseline-20260920T091709Z,ect_c_delta;iat_c_constant_signal;iat_c_delta;iat_c_max_absolute_diff;iat_c_range,-0.078068,-0.008051,0.042706,0.080056,0.091729,944,5740,3520,4796,944,1725,781,0.488281,2.070312,0.722656,1.582031,0.488281,0.488281,0,0,63,9,63,0,0,0,12.5,15,14.5,2.5,12.5,13,0.5,32,33,33,1,32,33,1,61,84,70,23,61,84,23
ride-20260911-1239,4500,4500,1125500,446,50+,10,0.022422,86.55,monitor,monitor,sufficient_evidence,iforest-baseline-20260920T091709Z,ect_c_first;ect_c_delta;ect_c_slope;iat_c_constant_signal;iat_c_max_absolute_diff,-0.078007,0.037232,0.108331,0.157621,0.187137,822,7045,4527.5,6223,822,5640,4818,0.488281,2.96875,0.820312,2.480469,0.488281,1.738281,1.25,0,98,12,98,0,49,49,12,15,14.5,3,12,14.5,2.5,33,45,39,12,33,45,12,79,93,89,14,80,89,9
ride-20260911-1257,4500,4500,1125250,446,50+,2,0.004484,95.08,ok,ok,sufficient_evidence,iforest-baseline-20260920T091709Z,ect_c_delta;iat_c_constant_signal;iat_c_delta;iat_c_max_absolute_diff;iat_c_range,-0.004988,0.064753,0.153336,0.185005,0.194788,1335,6917,3753.5,5582,5682,4091,-1591,0.488281,2.734375,0.585938,2.246094,1.601562,1.191406,-0.410156,0,89,4,89,43,28,-15,14,15,14.5,1,14.4,14.6,0.2,44,48,47,4,45,48,3,89,94,89,5,89,92,3
ride-20260911-1316,4500,4500,1125000,446,50+,0,0.0,95.42,ok,ok,sufficient_evidence,iforest-baseline-20260920T091709Z,ect_c_delta;ect_c_slope;battery_voltage_max_absolute_diff;ect_c_first;ect_c_last,0.001023,0.075693,0.136401,0.164517,0.183481,1340,7569,4334.5,6229,4103,5431,1328,0.488281,3.300781,0.664062,2.8125,1.152344,0.488281,-0.664062,0,111,6,111,26,0,-26,14,15.1,14.5,1.1,14.6,14.7,0.1,47,48,48,1,48,48,0,88,94,90,6,92,90,-2
ride-20260911-1335,4465,4465,1118001,442,50+,18,0.040724,89.98,monitor,monitor,sufficient_evidence,iforest-baseline-20260920T091709Z,ect_c_delta;tps_voltage_mean;tps_raw_mean;tps_raw_median;ect_c_slope,-0.055094,0.050231,0.121668,0.167306,0.184936,0,7834,4452,7834,5524,0,-5524,0.488281,3.164062,0.742188,2.675781,0.820312,0.488281,-0.332031,0,107,9,107,12,0,-12,13.1,15,14.5,1.9,14.5,13.2,-1.3,48,49,48,1,48,49,1,89,94,90,5,90,89,-1
ride-20260912-1556,3492,3492,873500,345,50+,10,0.028986,86.15,monitor,monitor,sufficient_evidence,iforest-baseline-20260920T091709Z,tps_raw_min;iat_c_constant_signal;iat_c_max_absolute_diff;iat_c_delta;ect_c_delta,-0.016039,0.044359,0.104715,0.150006,0.185576,0,7199,5980.5,7199,716,0,-716,0.488281,2.675781,1.152344,2.1875,0.488281,0.488281,0,0,87,26,87,0,0,0,11,15,14.5,4,11,13.4,2.4,44,47,45,3,47,45,-2,78,92,90,14,78,89,11
ride-20260913-0730,4500,4500,1125750,446,50+,13,0.029148,81.63,monitor,monitor,sufficient_evidence,iforest-baseline-20260920T091709Z,iat_c_constant_signal;iat_c_max_absolute_diff;tps_raw_min;iat_c_delta;iat_c_range,-0.019213,0.021092,0.090768,0.138517,0.17971,896,7416,6225.5,6520,896,6081,5185,0.488281,2.8125,1.230469,2.324219,0.488281,0.859375,0.371094,0,92,29,92,0,14,14,12.5,15,14.5,2.5,12.5,14.6,2.1,39,45,43,6,41,39,-2,88,93,89,5,92,89,-3
ride-20260913-0748,4500,4500,1125000,446,50+,11,0.024664,78.76,monitor,monitor,sufficient_evidence,iforest-baseline-20260920T091709Z,iat_c_constant_signal;iat_c_delta;iat_c_max_absolute_diff;iat_c_range;tps_raw_min,-0.036341,0.030765,0.074048,0.107914,0.129926,1486,6926,5978.5,5440,6051,3870,-2181,0.488281,2.109375,1.152344,1.621094,0.976562,0.683594,-0.292969,0,64,25,64,19,7,-12,14.1,14.8,14.5,0.7,14.5,14.5,0,35,39,35,4,39,35,-4,87,89,88,2,89,88,-1
ride-20260913-0807,4500,4500,1125248,446,50+,53,0.118834,66.82,monitor,monitor,sufficient_evidence,iforest-baseline-20260920T091709Z,tps_raw_min;tps_voltage_min;ect_c_delta;iat_c_constant_signal;iat_c_delta,-0.083311,-0.005109,0.046281,0.102035,0.132006,1367,7778,6347.5,6411,3813,6323,2510,0.488281,3.515625,1.269531,3.027344,0.683594,1.269531,0.585938,0,120,31,120,7,31,24,14.2,15,14.5,0.8,14.6,14.5,-0.1,35,41,36,6,35,41,6,88,93,90,5,88,90,2
ride-20260913-0826,4476,4476,1119250,443,50+,49,0.110609,68.96,monitor,monitor,sufficient_evidence,iforest-baseline-20260920T091709Z,iat_c_constant_signal;iat_c_max_absolute_diff;tps_raw_min;iat_c_range;iat_c_delta,-0.061446,-0.004235,0.055028,0.114145,0.14212,1362,7637,6568,6275,6324,1503,-4821,0.488281,3.164062,1.367188,2.675781,1.289062,0.488281,-0.800781,0,106,34,106,31,0,-31,14,14.9,14.5,0.9,14.6,14.4,-0.2,41,49,47,8,41,49,8,90,95,93,5,90,94,4
ride-20260914-1047,2194,2194,548670,215,50+,8,0.037209,81.03,monitor,monitor,sufficient_evidence,iforest-baseline-20260920T091709Z,iat_c_constant_signal;iat_c_max_absolute_diff;iat_c_range;iat_c_delta;ect_c_delta,-0.089774,0.03216,0.085112,0.130983,0.162361,0,7262,6022,7262,2038,0,-2038,0.488281,2.910156,1.210938,2.421875,0.488281,0.488281,0,0,96,28,96,0,0,0,11.9,14.9,14.5,3,14.6,13.3,-1.3,47,49,48,2,47,48,1,89,95,92,6,95,93,-2
ride-20260914-1935,1200,1200,299750,116,50+,116,1.0,14.21,attention,attention,sufficient_evidence,iforest-baseline-20260920T091709Z,tps_raw_min;battery_voltage_median;tps_voltage_min;battery_voltage_constant_signal;ect_c_delta,-0.130723,-0.128024,-0.12434,-0.116585,-0.112614,6200,10330,8265,4130,6200,10330,4130,2.050781,2.714844,2.382812,0.664062,2.050781,2.226562,0.175781,95,139,117,44,95,124,29,12.8,12.8,12.8,0,12.8,12.8,0,38,38,38,0,38,38,0,86,91,88.5,5,86,91,5
ride-20260916-1321,87,87,21501,4,1-4,4,1.0,17.63,attention,limited_data,window_count<10;duration_ms<30000;eligible_samples<140,iforest-baseline-20260920T091709Z,ect_c_delta;battery_voltage_median;ect_c_slope;battery_voltage_mean;battery_voltage_std,-0.052234,-0.051453,-0.038461,-0.018296,-0.014442,0,4319,1073,4319,25,0,-25,0.488281,1.230469,0.488281,0.742188,0.917969,0.488281,-0.429688,0,29,0,29,16,0,-16,10.6,14.7,12.7,4.1,10.6,12.5,1.9,48,48,48,0,48,48,0,93,95,93,2,95,93,-2
ride-20260917-1638,3564,3564,891250,352,50+,7,0.019886,79.18,monitor,monitor,sufficient_evidence,iforest-baseline-20260920T091709Z,tps_raw_constant_signal;tps_voltage_constant_signal;battery_voltage_median;battery_voltage_mean;battery_voltage_std,-0.028691,0.034128,0.074622,0.122836,0.149173,0,6949,6405,6949,681,0,-681,0.488281,2.597656,1.191406,2.109375,0.488281,0.488281,0,0,84,27,84,0,0,0,10.8,15,14.5,4.2,10.8,13.1,2.3,48,49,48,1,49,49,0,88,93,92,5,90,92,2
ride-20260918-0815,1200,1200,299750,116,50+,116,1.0,14.97,attention,attention,sufficient_evidence,iforest-baseline-20260920T091709Z,tps_raw_min;ect_c_delta;battery_voltage_median;battery_voltage_constant_signal;iat_c_constant_signal,-0.109739,-0.105664,-0.097661,-0.088688,-0.069918,2001,2999,2527,998,2500,2057,-443,0.820312,0.957031,0.888672,0.136719,0.820312,0.957031,0.136719,34,45,39.5,11,34,45,11,12.5,12.5,12.5,0,12.5,12.5,0,42,44,43,2,43,42,-1,108,116,112,8,108,110,2
ride-20260918-0855,3021,3021,755001,298,50+,29,0.097315,68.5,monitor,monitor,sufficient_evidence,iforest-baseline-20260920T091709Z,iat_c_constant_signal;iat_c_max_absolute_diff;iat_c_delta;tps_raw_min;iat_c_range,-0.079563,0.000373,0.048355,0.120413,0.162709,0,7517,6430,7517,25,0,-25,0.488281,3.457031,1.289062,2.96875,0.839844,0.488281,-0.351562,0,118,32,118,13,0,-13,10.8,14.8,14.5,4,10.8,13.2,2.4,47,49,48,2,49,49,0,92,94,93,2,92,92,0
ride-20260919-1129,4500,4500,1125171,446,50+,67,0.150224,67.32,attention,attention,sufficient_evidence,iforest-baseline-20260920T091709Z,tps_raw_min;ect_c_delta;tps_voltage_min;tps_voltage_mean;iat_c_constant_signal,-0.087816,-0.019088,0.061765,0.113435,0.165188,1266,7919,6383,6653,1940,7919,5979,0.488281,3.808594,1.25,3.320312,0.488281,3.769531,3.28125,0,132,30,132,0,131,131,13.6,14.9,14.5,1.3,13.8,14.5,0.7,48,52,49,4,48,51,3,89,97,93,8,93,94,1
ride-20260919-1147,4500,4500,1125250,446,50+,108,0.242152,60.22,attention,attention,sufficient_evidence,iforest-baseline-20260920T091709Z,tps_raw_min;tps_voltage_min;tps_voltage_mean;ect_c_delta;iat_c_constant_signal,-0.117925,-0.050897,0.044924,0.110703,0.140536,1224,8006,6588.5,6782,7924,6598,-1326,0.488281,4.394531,1.445312,3.90625,3.769531,1.09375,-2.675781,0,156,37,156,131,24,-107,13.8,15.1,14.5,1.3,14.6,14.6,0,51,53,52,2,51,51,0,89,98,92,9,95,93,-2
ride-20260919-1206,4500,4500,1125748,446,50+,91,0.204036,62.82,attention,attention,sufficient_evidence,iforest-baseline-20260920T091709Z,iat_c_constant_signal;tps_raw_min;iat_c_max_absolute_diff;iat_c_delta;ect_c_delta,-0.0994,-0.025334,0.049419,0.117819,0.177792,1201,7723,6347,6522,6587,6760,173,0.488281,3.652344,1.445312,3.164062,1.09375,1.503906,0.410156,0,126,38,126,24,40,16,13.7,15,14.5,1.3,14.5,14.5,0,50,52,51,2,52,50,-2,89,95,93,6,93,94,1
ride-20260919-1225,4039,4039,1014249,399,50+,27,0.067669,74.24,monitor,monitor,sufficient_evidence,iforest-baseline-20260920T091709Z,tps_raw_min;iat_c_constant_signal;iat_c_max_absolute_diff;iat_c_range;iat_c_delta,-0.037131,0.014839,0.061805,0.118195,0.151466,0,7014,6275,7014,6745,0,-6745,0.488281,2.265625,1.308594,1.777344,1.503906,0.488281,-1.015625,0,70,32,70,40,0,-40,13.5,15,14.5,1.5,14.5,13.5,-1,50,52,51,2,50,52,2,92,95,93,3,94,94,0
ride-20260920-1446,4500,4500,1126249,446,50+,23,0.05157,79.25,monitor,monitor,sufficient_evidence,iforest-baseline-20260920T091709Z,ect_c_delta;ect_c_slope;iat_c_constant_signal;iat_c_max_absolute_diff;iat_c_range,-0.062939,0.018604,0.081951,0.141545,0.182919,20,7863,4981.5,7843,20,1340,1320,0.488281,4.394531,0.820312,3.90625,0.488281,0.488281,0,0,153,11,153,0,0,0,11,15.3,14.5,4.3,11,14.5,3.5,48,51,49,3,49,51,2,79,95,92,16,79,92,13
ride-20260920-1504,3290,3290,822502,325,50+,5,0.015385,89.9,ok,ok,sufficient_evidence,iforest-baseline-20260920T091709Z,iat_c_constant_signal;iat_c_max_absolute_diff;tps_raw_min;ect_c_delta;iat_c_delta,-0.018175,0.049778,0.119653,0.158898,0.177738,1174,7706,4802,6532,1413,5736,4323,0.488281,3.203125,0.839844,2.714844,0.488281,1.074219,0.585938,0,108,13,108,0,21,21,13.7,15,14.5,1.3,14.6,14.5,-0.1,51,53,52,2,51,52,1,90,94,92,4,92,90,-2
