model,policy,semantics,affected_session_count,affected_session_ids,normal_holdout_false_before,normal_holdout_false_after,known_abnormal_limited_count,status_distribution_after
old,none,no evidence gate,0,,2,2,0,"attention=11, monitor=15, ok=9"
old,policy_a_window_lt_10,window_count < 10,2,ride-20260901-0715;ride-20260916-1321,2,2,0,"attention=9, limited_data=2, monitor=15, ok=9"
old,policy_b_eligible_lt_140,eligible_sample_count < 140,2,ride-20260901-0715;ride-20260916-1321,2,2,0,"attention=9, limited_data=2, monitor=15, ok=9"
old,policy_c_duration_lt_30000,duration_ms < 30000,2,ride-20260901-0715;ride-20260916-1321,2,2,0,"attention=9, limited_data=2, monitor=15, ok=9"
old,combined_or,window_count < 10 OR eligible_sample_count < 140 OR duration_ms < 30000,2,ride-20260901-0715;ride-20260916-1321,2,2,0,"attention=9, limited_data=2, monitor=15, ok=9"
old,combined_and,window_count < 10 AND eligible_sample_count < 140 AND duration_ms < 30000,2,ride-20260901-0715;ride-20260916-1321,2,2,0,"attention=9, limited_data=2, monitor=15, ok=9"
old,window_n_5,window_count < 5,1,ride-20260916-1321,2,2,0,"attention=10, limited_data=1, monitor=15, ok=9"
old,window_n_10,window_count < 10,2,ride-20260901-0715;ride-20260916-1321,2,2,0,"attention=9, limited_data=2, monitor=15, ok=9"
old,window_n_15,window_count < 15,2,ride-20260901-0715;ride-20260916-1321,2,2,0,"attention=9, limited_data=2, monitor=15, ok=9"
old,window_n_20,window_count < 20,2,ride-20260901-0715;ride-20260916-1321,2,2,0,"attention=9, limited_data=2, monitor=15, ok=9"
candidate,none,no evidence gate,0,,2,2,0,"attention=10, monitor=15, ok=10"
candidate,policy_a_window_lt_10,window_count < 10,2,ride-20260901-0715;ride-20260916-1321,2,2,0,"attention=8, limited_data=2, monitor=15, ok=10"
candidate,policy_b_eligible_lt_140,eligible_sample_count < 140,2,ride-20260901-0715;ride-20260916-1321,2,2,0,"attention=8, limited_data=2, monitor=15, ok=10"
candidate,policy_c_duration_lt_30000,duration_ms < 30000,2,ride-20260901-0715;ride-20260916-1321,2,2,0,"attention=8, limited_data=2, monitor=15, ok=10"
candidate,combined_or,window_count < 10 OR eligible_sample_count < 140 OR duration_ms < 30000,2,ride-20260901-0715;ride-20260916-1321,2,2,0,"attention=8, limited_data=2, monitor=15, ok=10"
candidate,combined_and,window_count < 10 AND eligible_sample_count < 140 AND duration_ms < 30000,2,ride-20260901-0715;ride-20260916-1321,2,2,0,"attention=8, limited_data=2, monitor=15, ok=10"
candidate,window_n_5,window_count < 5,1,ride-20260916-1321,2,2,0,"attention=9, limited_data=1, monitor=15, ok=10"
candidate,window_n_10,window_count < 10,2,ride-20260901-0715;ride-20260916-1321,2,2,0,"attention=8, limited_data=2, monitor=15, ok=10"
candidate,window_n_15,window_count < 15,2,ride-20260901-0715;ride-20260916-1321,2,2,0,"attention=8, limited_data=2, monitor=15, ok=10"
candidate,window_n_20,window_count < 20,2,ride-20260901-0715;ride-20260916-1321,2,2,0,"attention=8, limited_data=2, monitor=15, ok=10"
