session_id,human_label,split,sample_count,duration_ms,window_count,rpm_min,rpm_max,rpm_range,tps_voltage_min,tps_voltage_max,tps_voltage_range,tps_raw_min,tps_raw_max,tps_raw_range,battery_voltage_min,battery_voltage_max,battery_voltage_range,iat_c_min,iat_c_max,iat_c_range,ect_c_min,ect_c_max,ect_c_range
ride-20260901-0715,too_short,evaluation_only,117,28999,7,789,3562,2773,0.488281,1.074219,0.585938,0,23,23,11,14.8,3.8,39,40,1,45,48,3
ride-20260902-1032,warmup_candidate,evaluation_only,4500,1126253,446,929,7780,6851,0.488281,3.203125,2.714844,0,108,108,12.6,15.1,2.5,39,45,6,48,92,44
ride-20260902-1050,normal_ride,normal_train,1281,320001,124,0,6191,6191,0.488281,2.226562,1.738281,0,69,69,12.8,15.1,2.3,45,47,2,89,92,3
ride-20260903-1349,normal_ride,normal_train,1249,312499,120,765,6993,6228,0.46875,3.886719,3.417969,0,135,135,12.1,14.9,2.8,46,47,1,89,90,1
ride-20260904-1623,battery_low_candidate,evaluation_only,3017,755001,297,20,7290,7270,0.488281,3.359375,2.871094,0,114,114,11.5,15,3.5,46,47,1,89,93,4
ride-20260904-1810,known_abnormal,evaluation_only,1200,299750,116,2001,2999,998,0.820312,0.957031,0.136719,34,45,11,12.5,12.5,0,42,44,2,108,116,8
ride-20260905-0840,normal_ride,normal_train,4500,1125250,446,862,7159,6297,0.488281,3.476562,2.988281,0,119,119,12.4,15.1,2.7,46,48,2,88,93,5
ride-20260905-0858,normal_ride,normal_train,3351,838498,331,0,6570,6570,0.488281,3.007812,2.519531,0,100,100,13.2,15,1.8,47,48,1,89,92,3
ride-20260907-1157,battery_low_candidate,evaluation_only,923,230750,88,0,5484,5484,0.488281,2.285156,1.796875,0,71,71,10.8,15.1,4.3,46,47,1,70,89,19
ride-20260908-1431,battery_low_candidate,evaluation_only,4500,1125501,446,20,7466,7446,0.488281,3.300781,2.8125,0,112,112,10.9,15,4.1,44,47,3,89,93,4
ride-20260908-1449,normal_ride,normal_train,1889,472252,184,1252,5953,4701,0.488281,2.597656,2.109375,0,84,84,13.2,15.1,1.9,44,45,1,89,90,1
ride-20260909-0725,known_abnormal,evaluation_only,1200,299750,116,1501,2099,598,0.585938,0.683594,0.097656,24,31,7,10.7,10.9,0.2,35,35,0,72,75,3
ride-20260909-1748,battery_low_candidate,evaluation_only,1202,300500,116,723,4659,3936,0.488281,1.484375,0.996094,0,39,39,10.7,15,4.3,31,33,2,32,65,33
ride-20260910-0922,warmup_candidate,evaluation_only,531,132501,49,944,5740,4796,0.488281,2.070312,1.582031,0,63,63,12.5,15,2.5,32,33,1,61,84,23
ride-20260911-1239,normal_ride,normal_holdout,4500,1125500,446,822,7045,6223,0.488281,2.96875,2.480469,0,98,98,12,15,3,33,45,12,79,93,14
ride-20260911-1257,normal_ride,normal_holdout,4500,1125250,446,1335,6917,5582,0.488281,2.734375,2.246094,0,89,89,14,15,1,44,48,4,89,94,5
ride-20260911-1316,normal_ride,normal_holdout,4500,1125000,446,1340,7569,6229,0.488281,3.300781,2.8125,0,111,111,14,15.1,1.1,47,48,1,88,94,6
ride-20260911-1335,normal_ride,normal_train,4465,1118001,442,0,7834,7834,0.488281,3.164062,2.675781,0,107,107,13.1,15,1.9,48,49,1,89,94,5
ride-20260912-1556,battery_low_candidate,evaluation_only,3492,873500,345,0,7199,7199,0.488281,2.675781,2.1875,0,87,87,11,15,4,44,47,3,78,92,14
ride-20260913-0730,normal_ride,normal_holdout,4500,1125750,446,896,7416,6520,0.488281,2.8125,2.324219,0,92,92,12.5,15,2.5,39,45,6,88,93,5
ride-20260913-0748,normal_ride,normal_train,4500,1125000,446,1486,6926,5440,0.488281,2.109375,1.621094,0,64,64,14.1,14.8,0.7,35,39,4,87,89,2
ride-20260913-0807,normal_ride,normal_train,4500,1125248,446,1367,7778,6411,0.488281,3.515625,3.027344,0,120,120,14.2,15,0.8,35,41,6,88,93,5
ride-20260913-0826,unknown,excluded_unresolved,4476,1119250,443,1362,7637,6275,0.488281,3.164062,2.675781,0,106,106,14,14.9,0.9,41,49,8,90,95,5
ride-20260914-1047,battery_low_candidate,evaluation_only,2194,548670,215,0,7262,7262,0.488281,2.910156,2.421875,0,96,96,11.9,14.9,3,47,49,2,89,95,6
ride-20260914-1935,known_abnormal,evaluation_only,1200,299750,116,6200,10330,4130,2.050781,2.714844,0.664062,95,139,44,12.8,12.8,0,38,38,0,86,91,5
ride-20260916-1321,too_short,evaluation_only,87,21501,4,0,4319,4319,0.488281,1.230469,0.742188,0,29,29,10.6,14.7,4.1,48,48,0,93,95,2
ride-20260917-1638,battery_low_candidate,evaluation_only,3564,891250,352,0,6949,6949,0.488281,2.597656,2.109375,0,84,84,10.8,15,4.2,48,49,1,88,93,5
ride-20260918-0815,known_abnormal,evaluation_only,1200,299750,116,2001,2999,998,0.820312,0.957031,0.136719,34,45,11,12.5,12.5,0,42,44,2,108,116,8
ride-20260918-0855,battery_low_candidate,evaluation_only,3021,755001,298,0,7517,7517,0.488281,3.457031,2.96875,0,118,118,10.8,14.8,4,47,49,2,92,94,2
ride-20260919-1129,normal_ride,normal_train,4500,1125171,446,1266,7919,6653,0.488281,3.808594,3.320312,0,132,132,13.6,14.9,1.3,48,52,4,89,97,8
ride-20260919-1147,high_rpm_candidate,evaluation_only,4500,1125250,446,1224,8006,6782,0.488281,4.394531,3.90625,0,156,156,13.8,15.1,1.3,51,53,2,89,98,9
ride-20260919-1206,normal_ride,normal_train,4500,1125748,446,1201,7723,6522,0.488281,3.652344,3.164062,0,126,126,13.7,15,1.3,50,52,2,89,95,6
ride-20260919-1225,normal_ride,normal_train,4039,1014249,399,0,7014,7014,0.488281,2.265625,1.777344,0,70,70,13.5,15,1.5,50,52,2,92,95,3
ride-20260920-1446,battery_low_candidate,evaluation_only,4500,1126249,446,20,7863,7843,0.488281,4.394531,3.90625,0,153,153,11,15.3,4.3,48,51,3,79,95,16
ride-20260920-1504,normal_ride,normal_train,3290,822502,325,1174,7706,6532,0.488281,3.203125,2.714844,0,108,108,13.7,15,1.3,51,53,2,90,94,4
