session_id,human_label,split,sample_count,eligible_sample_count,duration_ms,window_count,old_model_version,old_status,old_health_score,old_anomaly_ratio,old_anomaly_windows,old_most_unusual_features,candidate_model_version,candidate_status,candidate_health_score,candidate_anomaly_ratio,candidate_anomaly_windows,candidate_most_unusual_features,status_changed,health_delta,anomaly_ratio_delta
ride-20260901-0715,too_short,evaluation_only,117,117,28999,7,iforest-baseline-20260920T091709Z,attention,15.45,1.0,7,ect_c_delta;battery_voltage_median;ect_c_slope;ect_c_first;iat_c_constant_signal,iforest-human-normal-8122563e-e4680f77,attention,16.06,1.0,7,ect_c_delta;battery_voltage_median;ect_c_slope;battery_voltage_mean;iat_c_constant_signal,False,0.61,0
ride-20260902-1032,warmup_candidate,evaluation_only,4500,4500,1126253,446,iforest-baseline-20260920T091709Z,monitor,90.24,0.029148,13,ect_c_delta;iat_c_constant_signal;iat_c_max_absolute_diff;iat_c_range;iat_c_delta,iforest-human-normal-8122563e-e4680f77,monitor,83.54,0.044843,20,iat_c_constant_signal;iat_c_max_absolute_diff;iat_c_range;ect_c_delta;iat_c_delta,False,-6.7,0.015695
ride-20260902-1050,normal_ride,normal_train,1281,1281,320001,124,iforest-baseline-20260920T091709Z,ok,96.39,0.016129,2,battery_voltage_median;tps_raw_constant_signal;tps_voltage_constant_signal;ect_c_delta;ect_c_slope,iforest-human-normal-8122563e-e4680f77,monitor,93.49,0.024194,3,battery_voltage_median;ect_c_delta;ect_c_slope;tps_raw_constant_signal;tps_voltage_constant_signal,True,-2.9,0.008065
ride-20260903-1349,normal_ride,normal_train,1249,1249,312499,120,iforest-baseline-20260920T091709Z,monitor,87.25,0.05,6,iat_c_constant_signal;iat_c_delta;iat_c_max_absolute_diff;iat_c_range;ect_c_delta,iforest-human-normal-8122563e-e4680f77,monitor,85.97,0.058333,7,iat_c_constant_signal;iat_c_delta;iat_c_max_absolute_diff;iat_c_range;ect_c_delta,False,-1.28,0.008333
ride-20260904-1623,battery_low_candidate,evaluation_only,3017,3017,755001,297,iforest-baseline-20260920T091709Z,ok,93.8,0.003367,1,ect_c_delta;ect_c_slope;battery_voltage_max_absolute_diff;battery_voltage_delta;battery_voltage_first,iforest-human-normal-8122563e-e4680f77,ok,90.38,0.006734,2,ect_c_delta;ect_c_slope;battery_voltage_first;battery_voltage_min;battery_voltage_delta,False,-3.42,0.003367
ride-20260904-1810,known_abnormal,evaluation_only,1200,1200,299750,116,iforest-baseline-20260920T091709Z,attention,14.97,1.0,116,tps_raw_min;ect_c_delta;battery_voltage_median;battery_voltage_constant_signal;iat_c_constant_signal,iforest-human-normal-8122563e-e4680f77,attention,15.62,1.0,116,ect_c_delta;battery_voltage_median;battery_voltage_constant_signal;iat_c_delta;iat_c_constant_signal,False,0.65,0
ride-20260905-0840,normal_ride,normal_train,4500,4500,1125250,446,iforest-baseline-20260920T091709Z,ok,94.34,0.013453,6,iat_c_constant_signal;iat_c_max_absolute_diff;iat_c_range;iat_c_delta;iat_c_std,iforest-human-normal-8122563e-e4680f77,monitor,91.19,0.049327,22,iat_c_constant_signal;iat_c_max_absolute_diff;iat_c_range;iat_c_delta;ect_c_delta,True,-3.15,0.035874
ride-20260905-0858,normal_ride,normal_train,3351,3351,838498,331,iforest-baseline-20260920T091709Z,ok,96.99,0.006042,2,ect_c_delta;tps_raw_constant_signal;tps_voltage_constant_signal;battery_voltage_median;ect_c_slope,iforest-human-normal-8122563e-e4680f77,ok,96.19,0.015106,5,ect_c_delta;ect_c_slope;tps_raw_constant_signal;tps_voltage_constant_signal;battery_voltage_median,False,-0.8,0.009064
ride-20260907-1157,battery_low_candidate,evaluation_only,923,923,230750,88,iforest-baseline-20260920T091709Z,monitor,85.21,0.102273,9,ect_c_delta;battery_voltage_median;tps_raw_constant_signal;ect_c_slope;tps_voltage_constant_signal,iforest-human-normal-8122563e-e4680f77,attention,72.4,0.170455,15,ect_c_delta;battery_voltage_median;ect_c_slope;battery_voltage_mean;battery_voltage_min,True,-12.81,0.068182
ride-20260908-1431,battery_low_candidate,evaluation_only,4500,4500,1125501,446,iforest-baseline-20260920T091709Z,ok,96.06,0.013453,6,tps_raw_delta;tps_raw_slope;ect_c_delta;battery_voltage_median;ect_c_slope,iforest-human-normal-8122563e-e4680f77,monitor,94.22,0.040359,18,ect_c_delta;battery_voltage_median;ect_c_slope;tps_raw_constant_signal;tps_voltage_constant_signal,True,-1.84,0.026906
ride-20260908-1449,normal_ride,normal_train,1889,1889,472252,184,iforest-baseline-20260920T091709Z,ok,100.0,0.0,0,battery_voltage_max_absolute_diff;ect_c_first;ect_c_last;ect_c_mean_absolute_diff;ect_c_delta,iforest-human-normal-8122563e-e4680f77,ok,98.76,0.0,0,battery_voltage_min;battery_voltage_last;battery_voltage_first;rpm_delta;rpm_slope,False,-1.24,0
ride-20260909-0725,known_abnormal,evaluation_only,1200,1200,299750,116,iforest-baseline-20260920T091709Z,attention,15.93,1.0,116,tps_raw_min;battery_voltage_median;ect_c_delta;tps_voltage_min;ect_c_slope,iforest-human-normal-8122563e-e4680f77,attention,16.69,1.0,116,battery_voltage_median;ect_c_delta;ect_c_slope;battery_voltage_mean;ect_c_mean_absolute_diff,False,0.76,0
ride-20260909-1748,battery_low_candidate,evaluation_only,1202,1202,300500,116,iforest-baseline-20260920T091709Z,attention,16.3,0.982759,114,tps_raw_constant_signal;ect_c_delta;tps_voltage_constant_signal;ect_c_slope;ect_c_first,iforest-human-normal-8122563e-e4680f77,attention,22.37,0.844828,98,ect_c_delta;tps_raw_constant_signal;tps_voltage_constant_signal;ect_c_slope;ect_c_min,False,6.07,-0.137931
ride-20260910-0922,warmup_candidate,evaluation_only,531,531,132501,49,iforest-baseline-20260920T091709Z,attention,64.89,0.163265,8,ect_c_delta;iat_c_constant_signal;iat_c_delta;iat_c_max_absolute_diff;iat_c_range,iforest-human-normal-8122563e-e4680f77,attention,64.29,0.163265,8,ect_c_delta;iat_c_constant_signal;iat_c_delta;iat_c_max_absolute_diff;iat_c_range,False,-0.6,0
ride-20260911-1239,normal_ride,normal_holdout,4500,4500,1125500,446,iforest-baseline-20260920T091709Z,monitor,86.55,0.022422,10,ect_c_first;ect_c_delta;ect_c_slope;iat_c_constant_signal;iat_c_max_absolute_diff,iforest-human-normal-8122563e-e4680f77,monitor,87.18,0.065022,29,iat_c_constant_signal;iat_c_max_absolute_diff;iat_c_range;iat_c_delta;ect_c_delta,False,0.63,0.0426
ride-20260911-1257,normal_ride,normal_holdout,4500,4500,1125250,446,iforest-baseline-20260920T091709Z,ok,95.08,0.004484,2,ect_c_delta;iat_c_constant_signal;iat_c_delta;iat_c_max_absolute_diff;iat_c_range,iforest-human-normal-8122563e-e4680f77,monitor,92.91,0.038117,17,ect_c_delta;iat_c_constant_signal;iat_c_max_absolute_diff;iat_c_range;iat_c_delta,True,-2.17,0.033633
ride-20260911-1316,normal_ride,normal_holdout,4500,4500,1125000,446,iforest-baseline-20260920T091709Z,ok,95.42,0.0,0,ect_c_delta;ect_c_slope;battery_voltage_max_absolute_diff;ect_c_first;ect_c_last,iforest-human-normal-8122563e-e4680f77,ok,94.31,0.015695,7,ect_c_delta;tps_raw_constant_signal;tps_voltage_constant_signal;ect_c_slope;battery_voltage_median,False,-1.11,0.015695
ride-20260911-1335,normal_ride,normal_train,4465,4465,1118001,442,iforest-baseline-20260920T091709Z,monitor,89.98,0.040724,18,ect_c_delta;tps_voltage_mean;tps_raw_mean;tps_raw_median;ect_c_slope,iforest-human-normal-8122563e-e4680f77,monitor,92.54,0.027149,12,ect_c_delta;tps_raw_constant_signal;ect_c_slope;iat_c_constant_signal;iat_c_max_absolute_diff,False,2.56,-0.013575
ride-20260912-1556,battery_low_candidate,evaluation_only,3492,3492,873500,345,iforest-baseline-20260920T091709Z,monitor,86.15,0.028986,10,tps_raw_min;iat_c_constant_signal;iat_c_max_absolute_diff;iat_c_delta;ect_c_delta,iforest-human-normal-8122563e-e4680f77,monitor,94.45,0.023188,8,battery_voltage_median;ect_c_delta;tps_raw_constant_signal;tps_voltage_constant_signal;ect_c_slope,False,8.3,-0.005798
ride-20260913-0730,normal_ride,normal_holdout,4500,4500,1125750,446,iforest-baseline-20260920T091709Z,monitor,81.63,0.029148,13,iat_c_constant_signal;iat_c_max_absolute_diff;tps_raw_min;iat_c_delta;iat_c_range,iforest-human-normal-8122563e-e4680f77,ok,95.61,0.008969,4,ect_c_delta;iat_c_constant_signal;iat_c_max_absolute_diff;iat_c_range;iat_c_delta,True,13.98,-0.020179
ride-20260913-0748,normal_ride,normal_train,4500,4500,1125000,446,iforest-baseline-20260920T091709Z,monitor,78.76,0.024664,11,iat_c_constant_signal;iat_c_delta;iat_c_max_absolute_diff;iat_c_range;tps_raw_min,iforest-human-normal-8122563e-e4680f77,ok,96.67,0.002242,1,ect_c_delta;iat_c_constant_signal;iat_c_delta;iat_c_max_absolute_diff;iat_c_range,True,17.91,-0.022422
ride-20260913-0807,normal_ride,normal_train,4500,4500,1125248,446,iforest-baseline-20260920T091709Z,monitor,66.82,0.118834,53,tps_raw_min;tps_voltage_min;ect_c_delta;iat_c_constant_signal;iat_c_delta,iforest-human-normal-8122563e-e4680f77,monitor,89.49,0.038117,17,ect_c_delta;iat_c_constant_signal;iat_c_delta;iat_c_max_absolute_diff;iat_c_range,False,22.67,-0.080717
ride-20260913-0826,unknown,excluded_unresolved,4476,4476,1119250,443,iforest-baseline-20260920T091709Z,monitor,68.96,0.110609,49,iat_c_constant_signal;iat_c_max_absolute_diff;tps_raw_min;iat_c_range;iat_c_delta,iforest-human-normal-8122563e-e4680f77,ok,93.78,0.006772,3,iat_c_constant_signal;iat_c_max_absolute_diff;iat_c_range;iat_c_std;iat_c_delta,True,24.82,-0.103837
ride-20260914-1047,battery_low_candidate,evaluation_only,2194,2194,548670,215,iforest-baseline-20260920T091709Z,monitor,81.03,0.037209,8,iat_c_constant_signal;iat_c_max_absolute_diff;iat_c_range;iat_c_delta;ect_c_delta,iforest-human-normal-8122563e-e4680f77,monitor,93.88,0.032558,7,iat_c_constant_signal;iat_c_max_absolute_diff;iat_c_range;iat_c_delta;ect_c_delta,False,12.85,-0.004651
ride-20260914-1935,known_abnormal,evaluation_only,1200,1200,299750,116,iforest-baseline-20260920T091709Z,attention,14.21,1.0,116,tps_raw_min;battery_voltage_median;tps_voltage_min;battery_voltage_constant_signal;ect_c_delta,iforest-human-normal-8122563e-e4680f77,attention,14.92,1.0,116,battery_voltage_median;battery_voltage_constant_signal;ect_c_delta;ect_c_slope;battery_voltage_mean,False,0.71,0
ride-20260916-1321,too_short,evaluation_only,87,87,21501,4,iforest-baseline-20260920T091709Z,attention,17.63,1.0,4,ect_c_delta;battery_voltage_median;ect_c_slope;battery_voltage_mean;battery_voltage_std,iforest-human-normal-8122563e-e4680f77,attention,16.44,1.0,4,ect_c_delta;battery_voltage_median;ect_c_slope;battery_voltage_mean;battery_voltage_min,False,-1.19,0
ride-20260917-1638,battery_low_candidate,evaluation_only,3564,3564,891250,352,iforest-baseline-20260920T091709Z,monitor,79.18,0.019886,7,tps_raw_constant_signal;tps_voltage_constant_signal;battery_voltage_median;battery_voltage_mean;battery_voltage_std,iforest-human-normal-8122563e-e4680f77,ok,97.42,0.014205,5,battery_voltage_mean;tps_raw_constant_signal;tps_voltage_constant_signal;battery_voltage_median;battery_voltage_last,True,18.24,-0.005681
ride-20260918-0815,known_abnormal,evaluation_only,1200,1200,299750,116,iforest-baseline-20260920T091709Z,attention,14.97,1.0,116,tps_raw_min;ect_c_delta;battery_voltage_median;battery_voltage_constant_signal;iat_c_constant_signal,iforest-human-normal-8122563e-e4680f77,attention,15.62,1.0,116,ect_c_delta;battery_voltage_median;battery_voltage_constant_signal;iat_c_delta;iat_c_constant_signal,False,0.65,0
ride-20260918-0855,battery_low_candidate,evaluation_only,3021,3021,755001,298,iforest-baseline-20260920T091709Z,monitor,68.5,0.097315,29,iat_c_constant_signal;iat_c_max_absolute_diff;iat_c_delta;tps_raw_min;iat_c_range,iforest-human-normal-8122563e-e4680f77,monitor,96.31,0.02349,7,iat_c_constant_signal;iat_c_delta;iat_c_max_absolute_diff;iat_c_range;iat_c_std,False,27.81,-0.073825
ride-20260919-1129,normal_ride,normal_train,4500,4500,1125171,446,iforest-baseline-20260920T091709Z,attention,67.32,0.150224,67,tps_raw_min;ect_c_delta;tps_voltage_min;tps_voltage_mean;iat_c_constant_signal,iforest-human-normal-8122563e-e4680f77,monitor,91.85,0.05157,23,ect_c_delta;iat_c_constant_signal;iat_c_max_absolute_diff;iat_c_range;iat_c_delta,True,24.53,-0.098654
ride-20260919-1147,high_rpm_candidate,evaluation_only,4500,4500,1125250,446,iforest-baseline-20260920T091709Z,attention,60.22,0.242152,108,tps_raw_min;tps_voltage_min;tps_voltage_mean;ect_c_delta;iat_c_constant_signal,iforest-human-normal-8122563e-e4680f77,attention,74.19,0.161435,72,ect_c_delta;ect_c_slope;tps_voltage_max_absolute_diff;tps_raw_max_absolute_diff;tps_raw_min,False,13.97,-0.080717
ride-20260919-1206,normal_ride,normal_train,4500,4500,1125748,446,iforest-baseline-20260920T091709Z,attention,62.82,0.204036,91,iat_c_constant_signal;tps_raw_min;iat_c_max_absolute_diff;iat_c_delta;ect_c_delta,iforest-human-normal-8122563e-e4680f77,monitor,85.31,0.067265,30,ect_c_delta;iat_c_constant_signal;iat_c_max_absolute_diff;iat_c_range;iat_c_delta,True,22.49,-0.136771
ride-20260919-1225,normal_ride,normal_train,4039,4039,1014249,399,iforest-baseline-20260920T091709Z,monitor,74.24,0.067669,27,tps_raw_min;iat_c_constant_signal;iat_c_max_absolute_diff;iat_c_range;iat_c_delta,iforest-human-normal-8122563e-e4680f77,ok,96.73,0.010025,4,tps_raw_constant_signal;tps_voltage_constant_signal;battery_voltage_min;battery_voltage_mean;battery_voltage_last,True,22.49,-0.057644
ride-20260920-1446,battery_low_candidate,evaluation_only,4500,4500,1126249,446,iforest-baseline-20260920T091709Z,monitor,79.25,0.05157,23,ect_c_delta;ect_c_slope;iat_c_constant_signal;iat_c_max_absolute_diff;iat_c_range,iforest-human-normal-8122563e-e4680f77,monitor,79.69,0.100897,45,ect_c_delta;iat_c_constant_signal;iat_c_max_absolute_diff;iat_c_range;ect_c_slope,False,0.44,0.049327
ride-20260920-1504,normal_ride,normal_train,3290,3290,822502,325,iforest-baseline-20260920T091709Z,ok,89.9,0.015385,5,iat_c_constant_signal;iat_c_max_absolute_diff;tps_raw_min;ect_c_delta;iat_c_delta,iforest-human-normal-8122563e-e4680f77,ok,92.99,0.003077,1,iat_c_constant_signal;iat_c_max_absolute_diff;iat_c_range;iat_c_std;iat_c_mean_absolute_diff,False,3.09,-0.012308
