session_id,label,old_status,old_health,old_anomaly_ratio,new_status,new_health,new_anomaly_ratio,status_changed,candidate_model_version,candidate_note,evidence_policy_status,evidence_policy_reason
ride-20260901-0715,too_short,attention,15.45,1.0,candidate_not_trained,,,False,,insufficient confirmed normal labels; production model unchanged,limited_data,window_count<10;duration_ms<30000;eligible_samples<140
ride-20260902-1032,unknown,monitor,90.24,0.029148,candidate_not_trained,,,False,,insufficient confirmed normal labels; production model unchanged,monitor,sufficient_evidence
ride-20260902-1050,unknown,ok,96.39,0.016129,candidate_not_trained,,,False,,insufficient confirmed normal labels; production model unchanged,ok,sufficient_evidence
ride-20260903-1349,unknown,monitor,87.25,0.05,candidate_not_trained,,,False,,insufficient confirmed normal labels; production model unchanged,monitor,sufficient_evidence
ride-20260904-1623,unknown,ok,93.8,0.003367,candidate_not_trained,,,False,,insufficient confirmed normal labels; production model unchanged,ok,sufficient_evidence
ride-20260904-1810,known_abnormal,attention,14.97,1.0,candidate_not_trained,,,False,,insufficient confirmed normal labels; production model unchanged,attention,sufficient_evidence
ride-20260905-0840,unknown,ok,94.34,0.013453,candidate_not_trained,,,False,,insufficient confirmed normal labels; production model unchanged,ok,sufficient_evidence
ride-20260905-0858,unknown,ok,96.99,0.006042,candidate_not_trained,,,False,,insufficient confirmed normal labels; production model unchanged,ok,sufficient_evidence
ride-20260907-1157,unknown,monitor,85.21,0.102273,candidate_not_trained,,,False,,insufficient confirmed normal labels; production model unchanged,monitor,sufficient_evidence
ride-20260908-1431,unknown,ok,96.06,0.013453,candidate_not_trained,,,False,,insufficient confirmed normal labels; production model unchanged,ok,sufficient_evidence
ride-20260908-1449,unknown,ok,100.0,0.0,candidate_not_trained,,,False,,insufficient confirmed normal labels; production model unchanged,ok,sufficient_evidence
ride-20260909-0725,known_abnormal,attention,15.93,1.0,candidate_not_trained,,,False,,insufficient confirmed normal labels; production model unchanged,attention,sufficient_evidence
ride-20260909-1748,unknown,attention,16.3,0.982759,candidate_not_trained,,,False,,insufficient confirmed normal labels; production model unchanged,attention,sufficient_evidence
ride-20260910-0922,unknown,attention,64.89,0.163265,candidate_not_trained,,,False,,insufficient confirmed normal labels; production model unchanged,attention,sufficient_evidence
ride-20260911-1239,unknown,monitor,86.55,0.022422,candidate_not_trained,,,False,,insufficient confirmed normal labels; production model unchanged,monitor,sufficient_evidence
ride-20260911-1257,unknown,ok,95.08,0.004484,candidate_not_trained,,,False,,insufficient confirmed normal labels; production model unchanged,ok,sufficient_evidence
ride-20260911-1316,unknown,ok,95.42,0.0,candidate_not_trained,,,False,,insufficient confirmed normal labels; production model unchanged,ok,sufficient_evidence
ride-20260911-1335,unknown,monitor,89.98,0.040724,candidate_not_trained,,,False,,insufficient confirmed normal labels; production model unchanged,monitor,sufficient_evidence
ride-20260912-1556,unknown,monitor,86.15,0.028986,candidate_not_trained,,,False,,insufficient confirmed normal labels; production model unchanged,monitor,sufficient_evidence
ride-20260913-0730,unknown,monitor,81.63,0.029148,candidate_not_trained,,,False,,insufficient confirmed normal labels; production model unchanged,monitor,sufficient_evidence
ride-20260913-0748,unknown,monitor,78.76,0.024664,candidate_not_trained,,,False,,insufficient confirmed normal labels; production model unchanged,monitor,sufficient_evidence
ride-20260913-0807,unknown,monitor,66.82,0.118834,candidate_not_trained,,,False,,insufficient confirmed normal labels; production model unchanged,monitor,sufficient_evidence
ride-20260913-0826,unknown,monitor,68.96,0.110609,candidate_not_trained,,,False,,insufficient confirmed normal labels; production model unchanged,monitor,sufficient_evidence
ride-20260914-1047,unknown,monitor,81.03,0.037209,candidate_not_trained,,,False,,insufficient confirmed normal labels; production model unchanged,monitor,sufficient_evidence
ride-20260914-1935,known_abnormal,attention,14.21,1.0,candidate_not_trained,,,False,,insufficient confirmed normal labels; production model unchanged,attention,sufficient_evidence
ride-20260916-1321,too_short,attention,17.63,1.0,candidate_not_trained,,,False,,insufficient confirmed normal labels; production model unchanged,limited_data,window_count<10;duration_ms<30000;eligible_samples<140
ride-20260917-1638,unknown,monitor,79.18,0.019886,candidate_not_trained,,,False,,insufficient confirmed normal labels; production model unchanged,monitor,sufficient_evidence
ride-20260918-0815,known_abnormal,attention,14.97,1.0,candidate_not_trained,,,False,,insufficient confirmed normal labels; production model unchanged,attention,sufficient_evidence
ride-20260918-0855,unknown,monitor,68.5,0.097315,candidate_not_trained,,,False,,insufficient confirmed normal labels; production model unchanged,monitor,sufficient_evidence
ride-20260919-1129,unknown,attention,67.32,0.150224,candidate_not_trained,,,False,,insufficient confirmed normal labels; production model unchanged,attention,sufficient_evidence
ride-20260919-1147,unknown,attention,60.22,0.242152,candidate_not_trained,,,False,,insufficient confirmed normal labels; production model unchanged,attention,sufficient_evidence
ride-20260919-1206,unknown,attention,62.82,0.204036,candidate_not_trained,,,False,,insufficient confirmed normal labels; production model unchanged,attention,sufficient_evidence
ride-20260919-1225,unknown,monitor,74.24,0.067669,candidate_not_trained,,,False,,insufficient confirmed normal labels; production model unchanged,monitor,sufficient_evidence
ride-20260920-1446,unknown,monitor,79.25,0.05157,candidate_not_trained,,,False,,insufficient confirmed normal labels; production model unchanged,monitor,sufficient_evidence
ride-20260920-1504,unknown,ok,89.9,0.015385,candidate_not_trained,,,False,,insufficient confirmed normal labels; production model unchanged,ok,sufficient_evidence
