session_id,sample_count,duration,rpm_min,rpm_max,rpm_median,tps_range,battery_min,battery_median,iat_range,ect_start,ect_end,ect_delta,current_status,anomaly_ratio,most_unusual_features,suggested_context,human_label,human_notes
ride-20260902-1032,4500,1126.253,929,7780,4075.5,108,12.6,14.5,6,48,89,41,monitor,0.029148,ect_c_delta;iat_c_constant_signal;iat_c_max_absolute_diff;iat_c_range;iat_c_delta,warmup_candidate,warmup_candidate,
ride-20260902-1050,1281,320.001,0,6191,3603,69,12.8,14.5,2,89,90,1,ok,0.016129,battery_voltage_median;tps_raw_constant_signal;tps_voltage_constant_signal;ect_c_delta;ect_c_slope,review_required,normal_ride,
ride-20260903-1349,1249,312.499,765,6993,4499,135,12.1,14.5,1,89,89,0,monitor,0.05,iat_c_constant_signal;iat_c_delta;iat_c_max_absolute_diff;iat_c_range;ect_c_delta,review_required,normal_ride,
ride-20260904-1623,3017,755.001,20,7290,4073,114,11.5,14.5,1,89,90,1,ok,0.003367,ect_c_delta;ect_c_slope;battery_voltage_max_absolute_diff;battery_voltage_delta;battery_voltage_first,review_required,battery_low_candidate,
ride-20260905-0840,4500,1125.25,862,7159,4243.5,119,12.4,14.5,2,90,90,0,ok,0.013453,iat_c_constant_signal;iat_c_max_absolute_diff;iat_c_range;iat_c_delta;iat_c_std,review_required,normal_ride,
ride-20260905-0858,3351,838.498,0,6570,3926,100,13.2,14.5,1,90,92,2,ok,0.006042,ect_c_delta;tps_raw_constant_signal;tps_voltage_constant_signal;battery_voltage_median;ect_c_slope,review_required,normal_ride,
ride-20260907-1157,923,230.75,0,5484,2986,71,10.8,14.5,1,70,89,19,monitor,0.102273,ect_c_delta;battery_voltage_median;tps_raw_constant_signal;ect_c_slope;tps_voltage_constant_signal,warmup_candidate;battery_low_candidate,battery_low_candidate,
ride-20260908-1431,4500,1125.501,20,7466,4034,112,10.9,14.5,3,89,89,0,ok,0.013453,tps_raw_delta;tps_raw_slope;ect_c_delta;battery_voltage_median;ect_c_slope,battery_low_candidate,battery_low_candidate,
ride-20260908-1449,1889,472.252,1252,5953,4008,84,13.2,14.5,1,89,90,1,ok,0.0,battery_voltage_max_absolute_diff;ect_c_first;ect_c_last;ect_c_mean_absolute_diff;ect_c_delta,review_required,normal_ride,
ride-20260909-1748,1202,300.5,723,4659,1359,39,10.7,14.5,2,32,65,33,attention,0.982759,tps_raw_constant_signal;ect_c_delta;tps_voltage_constant_signal;ect_c_slope;ect_c_first,warmup_candidate;battery_low_candidate,battery_low_candidate,
ride-20260910-0922,531,132.501,944,5740,3520,63,12.5,14.5,1,61,84,23,attention,0.163265,ect_c_delta;iat_c_constant_signal;iat_c_delta;iat_c_max_absolute_diff;iat_c_range,warmup_candidate,warmup_candidate,
ride-20260911-1239,4500,1125.5,822,7045,4527.5,98,12,14.5,12,80,89,9,monitor,0.022422,ect_c_first;ect_c_delta;ect_c_slope;iat_c_constant_signal;iat_c_max_absolute_diff,review_required,normal_ride,
ride-20260911-1257,4500,1125.25,1335,6917,3753.5,89,14,14.5,4,89,92,3,ok,0.004484,ect_c_delta;iat_c_constant_signal;iat_c_delta;iat_c_max_absolute_diff;iat_c_range,review_required,normal_ride,
ride-20260911-1316,4500,1125,1340,7569,4334.5,111,14,14.5,1,92,90,-2,ok,0.0,ect_c_delta;ect_c_slope;battery_voltage_max_absolute_diff;ect_c_first;ect_c_last,review_required,normal_ride,
ride-20260911-1335,4465,1118.001,0,7834,4452,107,13.1,14.5,1,90,89,-1,monitor,0.040724,ect_c_delta;tps_voltage_mean;tps_raw_mean;tps_raw_median;ect_c_slope,review_required,normal_ride,
ride-20260912-1556,3492,873.5,0,7199,5980.5,87,11,14.5,3,78,89,11,monitor,0.028986,tps_raw_min;iat_c_constant_signal;iat_c_max_absolute_diff;iat_c_delta;ect_c_delta,battery_low_candidate,battery_low_candidate,
ride-20260913-0730,4500,1125.75,896,7416,6225.5,92,12.5,14.5,6,92,89,-3,monitor,0.029148,iat_c_constant_signal;iat_c_max_absolute_diff;tps_raw_min;iat_c_delta;iat_c_range,review_required,normal_ride,
ride-20260913-0748,4500,1125,1486,6926,5978.5,64,14.1,14.5,4,89,88,-1,monitor,0.024664,iat_c_constant_signal;iat_c_delta;iat_c_max_absolute_diff;iat_c_range;tps_raw_min,review_required,normal_ride,
ride-20260913-0807,4500,1125.248,1367,7778,6347.5,120,14.2,14.5,6,88,90,2,monitor,0.118834,tps_raw_min;tps_voltage_min;ect_c_delta;iat_c_constant_signal;iat_c_delta,review_required,normal_ride,
ride-20260913-0826,4476,1119.25,1362,7637,6568,106,14,14.5,8,90,94,4,monitor,0.110609,iat_c_constant_signal;iat_c_max_absolute_diff;tps_raw_min;iat_c_range;iat_c_delta,review_required,,
ride-20260914-1047,2194,548.67,0,7262,6022,96,11.9,14.5,2,95,93,-2,monitor,0.037209,iat_c_constant_signal;iat_c_max_absolute_diff;iat_c_range;iat_c_delta;ect_c_delta,review_required,battery_low_candidate,
ride-20260917-1638,3564,891.25,0,6949,6405,84,10.8,14.5,1,90,92,2,monitor,0.019886,tps_raw_constant_signal;tps_voltage_constant_signal;battery_voltage_median;battery_voltage_mean;battery_voltage_std,battery_low_candidate,battery_low_candidate,
ride-20260918-0855,3021,755.001,0,7517,6430,118,10.8,14.5,2,92,92,0,monitor,0.097315,iat_c_constant_signal;iat_c_max_absolute_diff;iat_c_delta;tps_raw_min;iat_c_range,battery_low_candidate,battery_low_candidate,
ride-20260919-1129,4500,1125.171,1266,7919,6383,132,13.6,14.5,4,93,94,1,attention,0.150224,tps_raw_min;ect_c_delta;tps_voltage_min;tps_voltage_mean;iat_c_constant_signal,review_required,normal_ride,
ride-20260919-1147,4500,1125.25,1224,8006,6588.5,156,13.8,14.5,2,95,93,-2,attention,0.242152,tps_raw_min;tps_voltage_min;tps_voltage_mean;ect_c_delta;iat_c_constant_signal,high_rpm_candidate,high_rpm_candidate,
ride-20260919-1206,4500,1125.748,1201,7723,6347,126,13.7,14.5,2,93,94,1,attention,0.204036,iat_c_constant_signal;tps_raw_min;iat_c_max_absolute_diff;iat_c_delta;ect_c_delta,review_required,normal_ride,
ride-20260919-1225,4039,1014.249,0,7014,6275,70,13.5,14.5,2,94,94,0,monitor,0.067669,tps_raw_min;iat_c_constant_signal;iat_c_max_absolute_diff;iat_c_range;iat_c_delta,review_required,normal_ride,
ride-20260920-1446,4500,1126.249,20,7863,4981.5,153,11,14.5,3,79,92,13,monitor,0.05157,ect_c_delta;ect_c_slope;iat_c_constant_signal;iat_c_max_absolute_diff;iat_c_range,battery_low_candidate,battery_low_candidate,
ride-20260920-1504,3290,822.502,1174,7706,4802,108,13.7,14.5,2,92,90,-2,ok,0.015385,iat_c_constant_signal;iat_c_max_absolute_diff;tps_raw_min;ect_c_delta;iat_c_delta,review_required,normal_ride,
