session,byte_index,count,minimum,maximum,mean,median,stddev,unique_values,pct_00,pct_ff,mean_abs_change,max_abs_change,longest_frozen_run,corr_rpm,corr_tps_voltage,corr_injector_raw
all,4,13821,0.0,28.0,14.125244193618407,15.0,6.356314587479197,26,0.16641342884017074,0.0,0.43357452966714904,8.0,586,0.999114486872594,0.6420618359261011,0.31067975457436825
all,5,13821,0.0,255.0,134.25179075320165,142.0,68.95780951182428,256,0.4992402865205123,0.34006222415165327,68.38986975397974,253.0,21,-0.11947156129180417,-0.07358427508519261,-0.01998834904663151
all,6,13821,24.0,180.0,42.240286520512264,34.0,23.536326957916565,151,0.0,0.0,3.474095513748191,147.0,582,0.6427669665530628,1.0,0.8562136959400436
all,7,13821,0.0,120.0,13.084436726720208,7.0,18.210425527233728,117,40.46740467404674,0.0,2.680752532561505,115.0,600,0.6386517147042461,0.9997295210768413,0.8553246013207376
all,8,13821,255.0,255.0,255.0,255.0,0.0,1,0.0,100.0,0.0,0.0,13821,,,
all,9,13821,255.0,255.0,255.0,255.0,0.0,1,0.0,100.0,0.0,0.0,13821,,,
all,10,13821,91.0,121.0,101.24911366760726,96.0,10.108381995144374,31,0.0,0.0,0.025832127351664253,1.0,1154,0.1611570543347058,0.08239696804540307,0.04153327094274005
all,11,13821,76.0,89.0,84.61218435713769,87.0,4.454817899151203,14,0.0,0.0,0.012445730824891461,1.0,2911,-0.1614415020254811,-0.0828917025501493,-0.04250144808120664
all,12,13821,30.0,122.0,34.33347804066276,32.0,10.90115158949634,93,0.0,0.0,0.021273516642547032,1.0,967,-0.00020984154209927983,0.020136655045887783,0.06358302943530053
all,13,13821,76.0,133.0,128.4572028073222,130.0,7.515066676449028,55,0.0,0.0,0.021562952243125905,2.0,967,-0.05885265312188688,-0.04774830817554276,-0.062444364454369336
all,14,13821,105.0,150.0,145.12256710802401,145.0,1.5095473436649431,23,0.0,0.0,1.3317655571635312,23.0,13,0.12776137333906984,0.07924860657418853,0.01877778791242622
all,15,13821,0.0,8.0,2.0631647492945517,2.0,1.4942151959216465,9,17.589175891758916,0.0,0.3571635311143271,7.0,587,0.2956871833802916,0.851767013476071,0.9819762935295809
all,16,13821,0.0,255.0,95.60162072208958,81.0,79.34301195644463,256,16.619636784603138,0.3328268576803415,45.971490593342985,255.0,32,0.17845246851897978,0.299759697585183,0.4119549840440588
all,17,13821,125.0,255.0,191.73156790391434,194.0,30.242394499646466,109,0.0,0.28217929238115913,5.726266280752532,88.0,23,0.7204973444573507,0.0817213439294019,-0.13258579556619415
all,18,13821,73.0,132.0,116.51631575139281,125.0,16.649351190739388,35,0.0,0.0,4.651157742402315,55.0,600,-0.1487516497746786,0.06164342035892781,0.0979316441110301
all,19,13821,0.0,70.0,23.218291006439475,22.0,18.153053433628017,71,18.500832067144202,0.0,0.4931259044862518,6.0,1020,0.9377595041175583,0.4931982749404314,0.1513070250437132
all,20,13821,0.0,0.0,0.0,0.0,0.0,1,100.0,0.0,0.0,0.0,13821,,,
all,21,13821,0.0,0.0,0.0,0.0,0.0,1,100.0,0.0,0.0,0.0,13821,,,
all,22,13821,0.0,0.0,0.0,0.0,0.0,1,100.0,0.0,0.0,0.0,13821,,,
r0024d0_c93a5fb4.dat.jsonl,4,6922,0.0,28.0,15.13146489453915,16.0,6.033691008070281,26,0.31782721756717713,0.0,0.4435775176997544,7.0,179,0.9989416779986899,0.6245344179647431,0.31922049845846723
r0024d0_c93a5fb4.dat.jsonl,5,6922,0.0,255.0,132.13088702687085,140.0,71.3223688408838,256,0.5923143600115574,0.31782721756717713,69.87227279294899,253.0,21,-0.08814581419013488,-0.05471126132083017,-0.015593978307849364
r0024d0_c93a5fb4.dat.jsonl,6,6922,24.0,178.0,43.7593181161514,38.0,22.409763268276116,127,0.0,0.0,3.4567259066608873,147.0,208,0.6252145097570337,1.0000000000000002,0.8723913654744522
r0024d0_c93a5fb4.dat.jsonl,7,6922,0.0,119.0,14.281421554464028,10.0,17.35058304457505,101,35.09101415775787,0.0,2.666377691085103,115.0,208,0.6226954438391186,0.999779592894559,0.87094530034023
r0024d0_c93a5fb4.dat.jsonl,8,6922,255.0,255.0,255.0,255.0,0.0,1,0.0,100.0,0.0,0.0,6922,,,
r0024d0_c93a5fb4.dat.jsonl,9,6922,255.0,255.0,255.0,255.0,0.0,1,0.0,100.0,0.0,0.0,6922,,,
r0024d0_c93a5fb4.dat.jsonl,10,6922,96.0,121.0,109.22291245304825,109.0,8.667249529186114,26,0.0,0.0,0.0322207773443144,1.0,1154,0.020722878498957476,0.04694304114427429,0.04630634148150493
r0024d0_c93a5fb4.dat.jsonl,11,6922,76.0,87.0,81.08696908407974,81.0,3.7835782541129293,12,0.0,0.0,0.02037277850021673,1.0,1154,-0.012674680049729539,-0.04501048701163318,-0.04792305498472981
r0024d0_c93a5fb4.dat.jsonl,12,6922,30.0,122.0,36.9422132331696,33.0,14.919038394952233,93,0.0,0.0,0.028319606993209075,1.0,499,-0.10443756654452237,-0.012240816849033874,0.0827016089167876
r0024d0_c93a5fb4.dat.jsonl,13,6922,76.0,133.0,126.31638254839642,129.0,10.072240669448659,55,0.0,0.0,0.02586331454992053,2.0,499,0.07687774641715421,-0.0033358128123149133,-0.08150960170579699
r0024d0_c93a5fb4.dat.jsonl,14,6922,105.0,150.0,145.1323316960416,145.0,1.473486381316093,22,0.0,0.0,1.196647883253865,23.0,13,0.152594841911138,0.086549668222385,0.006858933874727645
r0024d0_c93a5fb4.dat.jsonl,15,6922,0.0,8.0,2.097948569777521,2.0,1.5305608192782802,9,19.358566888182608,0.0,0.3597745990463806,7.0,175,0.3071394172723352,0.870352780223832,0.9821823047790901
r0024d0_c93a5fb4.dat.jsonl,16,6922,0.0,255.0,96.27390927477607,83.0,81.78644882382902,256,18.578445535972264,0.30338052585957814,48.29706689784713,255.0,32,0.17428803320437247,0.31495078460485604,0.4351862371724539
r0024d0_c93a5fb4.dat.jsonl,17,6922,128.0,255.0,195.3081479341231,199.0,29.569666416474547,107,0.0,0.21670037561398442,5.683138274815778,88.0,23,0.6952000487539278,0.04059649923132985,-0.12398253674713629
r0024d0_c93a5fb4.dat.jsonl,18,6922,73.0,132.0,116.00043340075123,122.0,15.29160359553376,30,0.0,0.0,4.2649906082935995,44.0,208,-0.09223761552711815,0.07695981925988396,0.04702023047831498
r0024d0_c93a5fb4.dat.jsonl,19,6922,0.0,70.0,26.320427622074543,26.0,17.597597135813256,71,11.037272464605605,0.0,0.5265135096084381,6.0,176,0.9326378771674109,0.4475144728015625,0.13365414020576835
r0024d0_c93a5fb4.dat.jsonl,20,6922,0.0,0.0,0.0,0.0,0.0,1,100.0,0.0,0.0,0.0,6922,,,
r0024d0_c93a5fb4.dat.jsonl,21,6922,0.0,0.0,0.0,0.0,0.0,1,100.0,0.0,0.0,0.0,6922,,,
r0024d0_c93a5fb4.dat.jsonl,22,6922,0.0,0.0,0.0,0.0,0.0,1,100.0,0.0,0.0,0.0,6922,,,
r1032c0_849aa7f8.dat.jsonl,4,6899,0.0,28.0,13.115668937527177,14.0,6.509859573047574,26,0.014494854326714017,0.0,0.42360104378080604,8.0,586,0.9992217960148696,0.6554822590605378,0.3042726703630566
r1032c0_849aa7f8.dat.jsonl,5,6899,0.0,255.0,136.3797651833599,144.0,66.43290867165133,256,0.40585592114799246,0.36237135816785043,66.90953899681067,251.0,2,-0.14469291774777168,-0.08903892725231345,-0.02349880846013796
r1032c0_849aa7f8.dat.jsonl,6,6899,25.0,180.0,40.71619075228294,30.0,24.520489970520586,147,0.0,0.0,3.4920266743983763,117.0,582,0.6562286380485586,1.0,0.8462776702792449
r1032c0_849aa7f8.dat.jsonl,7,6899,0.0,120.0,11.883461371213219,3.0,18.95833617054724,114,45.861719089723145,0.0,2.6955639315743696,91.0,600,0.6503907429121225,0.9996871371966956,0.8458932559941894
r1032c0_849aa7f8.dat.jsonl,8,6899,255.0,255.0,255.0,255.0,0.0,1,0.0,100.0,0.0,0.0,6899,,,
r1032c0_849aa7f8.dat.jsonl,9,6899,255.0,255.0,255.0,255.0,0.0,1,0.0,100.0,0.0,0.0,6899,,,
r1032c0_849aa7f8.dat.jsonl,10,6899,91.0,96.0,93.24873170024641,93.0,1.236211171658409,6,0.0,0.0,0.019425920556683098,1.0,839,0.4433295537949169,0.19060769010351925,0.04216933233538992
r1032c0_849aa7f8.dat.jsonl,11,6899,87.0,89.0,88.14915205102189,88.0,0.6442541584754624,3,0.0,0.0,0.004494056248187881,1.0,2911,-0.41849125483345473,-0.178434655940928,-0.041307838054267514
r1032c0_849aa7f8.dat.jsonl,12,6899,30.0,33.0,31.71604580373967,32.0,1.033202509503906,4,0.0,0.0,0.014062046970136272,1.0,967,0.6169416013768602,0.25621975621471904,-0.009113829368303298
r1032c0_849aa7f8.dat.jsonl,13,6899,129.0,133.0,130.60516016814032,130.0,1.4630025049927449,4,0.0,0.0,0.01710640765439258,2.0,967,-0.6307445388707053,-0.2683691583398152,0.0063486960600162715
r1032c0_849aa7f8.dat.jsonl,14,6899,110.0,150.0,145.11276996666183,145.0,1.5448207736746657,20,0.0,0.0,1.46419251957089,23.0,10,0.10684668944776887,0.07242422982917623,0.030661282895438492
r1032c0_849aa7f8.dat.jsonl,15,6899,0.0,7.0,2.028264965937092,2.0,1.4560024822238808,8,15.81388607044499,0.0,0.35445056538126996,6.0,587,0.28583861762555945,0.8389450305442022,0.9817563731145006
r1032c0_849aa7f8.dat.jsonl,16,6899,0.0,255.0,94.92709088273664,80.0,76.80744011135567,256,14.654297724307872,0.36237135816785043,43.62235430559583,255.0,31,0.1852622034676438,0.286834202812149,0.38542216517422734
r1032c0_849aa7f8.dat.jsonl,17,6899,125.0,255.0,188.14306421220468,189.0,30.48379721087041,107,0.0,0.3478765038411364,5.769933314004059,82.0,16,0.7346371172216093,0.10518093453967564,-0.1494679232860333
r1032c0_849aa7f8.dat.jsonl,18,6899,73.0,130.0,117.03391795912451,128.0,17.893526647047906,21,0.0,0.0,5.039286749782546,55.0,600,-0.18855181799472018,0.05357576968186574,0.14699081653521917
r1032c0_849aa7f8.dat.jsonl,19,6899,0.0,67.0,20.105812436585012,18.0,18.169056636595634,68,25.98927380779823,0.0,0.45969846332270226,4.0,1020,0.9396447768621373,0.5288397912637909,0.16626366055371172
r1032c0_849aa7f8.dat.jsonl,20,6899,0.0,0.0,0.0,0.0,0.0,1,100.0,0.0,0.0,0.0,6899,,,
r1032c0_849aa7f8.dat.jsonl,21,6899,0.0,0.0,0.0,0.0,0.0,1,100.0,0.0,0.0,0.0,6899,,,
r1032c0_849aa7f8.dat.jsonl,22,6899,0.0,0.0,0.0,0.0,0.0,1,100.0,0.0,0.0,0.0,6899,,,
