byte_index,start_value,end_value,total_change,linear_trend_per_min,monotonic_increase_fraction,monotonic_decrease_fraction,short_term_noise_mean_abs_diff,immediate_start_delta,raw_minus_40_start,raw_minus_40_end
16,118.0,4.0,-114.0,-2.5331814715510785,0.5270008307947937,0.5270008307947937,10.903350872334533,127.75,78.0,-36.0
12,122.0,33.0,-89.0,-5.218621863761458,0.9745222929936306,0.999169205206314,0.026308501800055388,0.0,82.0,-7.0
13,76.0,129.0,53.0,3.3609242045544745,0.999169205206314,0.9850456937136527,0.01633896427582387,0.0,36.0,89.0
14,106.0,146.0,40.0,0.20751259956115647,0.5483245638327333,0.6189421212960399,2.0127388535031847,11.125,66.0,106.0
18,129.0,106.0,-23.0,-0.00507437761869461,0.9997230684021047,1.0,0.006369426751592357,-17.25,89.0,66.0
10,122.0,117.0,-5.0,-0.30780466864160716,0.985322625311548,0.9867072833010246,0.027970091387427305,0.0,82.0,77.0
15,6.0,2.0,-4.0,-0.0030573371864387063,0.9878150096926059,0.9883688728883966,0.024369980614788147,4.125,-34.0,-38.0
11,76.0,78.0,2.0,0.11163844225623927,0.9961229576294656,0.9955690944336749,0.008307947936859596,0.0,36.0,38.0
17,159.0,158.0,-1.0,-0.9461446692946578,0.9133204098587648,0.9113818886734977,0.2921628357795624,50.875,119.0,118.0
8,255.0,255.0,0.0,0.0,1.0,1.0,0.0,0.0,215.0,215.0
9,255.0,255.0,0.0,0.0,1.0,1.0,0.0,0.0,215.0,215.0
19,0.0,0.0,0.0,0.0,1.0,1.0,0.0,0.0,-40.0,-40.0
20,0.0,0.0,0.0,0.0,1.0,1.0,0.0,0.0,-40.0,-40.0
21,0.0,0.0,0.0,0.0,1.0,1.0,0.0,0.0,-40.0,-40.0
22,0.0,0.0,0.0,0.0,1.0,1.0,0.0,0.0,-40.0,-40.0
