signal,v0.1_mapping_hypothesis,calibration_evidence,identity_status,scaling_status,recommended_ml_use,ml_approved,ml_reason
RPM,bytes 4-5 big-endian unsigned integer,0 RPM in stationary engine-off sessions; non-zero and plausible after engine operation begins,VERIFIED,VERIFIED,use,True,directly verified by controlled off/start states
TPS voltage,byte6 * 5 / 256,TPS sweep byte6 25.0 to 225.0 (0.488 V to 4.395 V),VERIFIED,VERIFIED,use,True,responds monotonically to controlled throttle sweep
TPS raw,byte7 raw/position candidate,"TPS sweep byte7 0.0 to 156.0, corr(byte6, byte7)=0.999978",VERIFIED,VERIFIED_AS_RAW,use raw or calibrated percent,True,direct throttle sweep ground truth
TPS percent,byte7 * 100 / 255,old formula gives full=61.18% at observed full raw=156.0; endpoint calibration gives 100%,VERIFIED,REJECTED_OLD_FORMULA,"use endpoint-calibrated percent, not raw*100/255",True,approved only with calibrated closed/open endpoints
IAT,bytes10-11 as IAT pair; byte11 - 40,baseline byte11-40 is 36.00 C; ambient error 1.50 C; 15-min warm-up drift is small,HIGH_CONFIDENCE,HIGH_CONFIDENCE,use,True,close to ambient and does not follow coolant warm-up
ECT,bytes8-9 generic ECT unavailable; byte13 was old ect_c source,bytes8-9 remain FF/FF; byte13-40 starts 36.00 C (ambient error 1.50 C) and reaches warm operating temperature,HIGH_CONFIDENCE,HIGH_CONFIDENCE,use,True,controlled cold-start/warm-up strongly identifies byte13 as engine temperature
MAP voltage,byte12 * 5 / 256 as MAP voltage,byte12 does not show an immediate manifold-pressure transition; it slowly falls during warm-up with byte13 rising,REJECTED,REJECTED_AS_MAP,exclude as MAP,False,v0.1 MAP hypothesis failed controlled start/warm-up test
MAP engineering raw,byte13 raw as MAP engineering value,"byte13 follows slow engine-temperature warm-up, not pressure dynamics",REJECTED,REJECTED_AS_MAP,exclude as MAP,False,byte13 is used as ECT/engine-temperature candidate instead
Battery,byte14 / 10,external VOM 12.75 V vs ECU mean 12.497 V,VERIFIED,VERIFIED,use,True,external VOM agreement plus start/charging behavior
Injector raw,bytes15-16 big-endian raw,HIGH_CONFIDENCE injector-related raw control signal; /100 milliseconds remains UNVERIFIED,HIGH_CONFIDENCE,VERIFIED_AS_RAW,exclude from ML V1,False,"raw is injection-related, but engine-off nonzero TPS-sweep value and scale uncertainty make it unsuitable for V1"
Injector ms,bytes15-16 / 100 ms,no oscilloscope or logic-analyzer pulse-width reference was provided,HIGH_CONFIDENCE,UNVERIFIED,exclude,False,milliseconds scale is not experimentally verified
Byte17,unknown raw byte,UNVERIFIED; relationships are reported but no physical identity is assigned,UNVERIFIED,UNVERIFIED,exclude,False,no controlled physical identity
Byte18 / speed,speed_or_signal_raw_candidate,REJECTED as direct vehicle speed: all calibration scenarios were stationary while byte18 is non-zero and changes,REJECTED,REJECTED_AS_SPEED,exclude,False,stationary calibration falsifies direct speed interpretation
