session,byte_index,source_file,line_number,seq,device_time_ms,previous_seq,previous_device_time_ms,delta,previous_value,value
all,16,real_data/r0024d0_c93a5fb4.dat.jsonl,783,783,203685,782,203436,255,255,0
all,16,real_data/r0024d0_c93a5fb4.dat.jsonl,3370,3370,850936,3369,850685,255,255,0
all,16,real_data/r1032c0_849aa7f8.dat.jsonl,2487,2487,2548436,2486,2548187,255,255,0
all,16,real_data/r1032c0_849aa7f8.dat.jsonl,5450,5450,3290435,5449,3290185,255,0,255
all,16,real_data/r0024d0_c93a5fb4.dat.jsonl,2514,2514,636685,2513,636436,254,254,0
all,16,real_data/r0024d0_c93a5fb4.dat.jsonl,3963,3963,999435,3962,999186,254,254,0
all,16,real_data/r0024d0_c93a5fb4.dat.jsonl,4185,4185,1054935,4184,1054687,254,0,254
all,16,real_data/r0024d0_c93a5fb4.dat.jsonl,4227,4227,1065436,4226,1065187,254,0,254
all,16,real_data/r0024d0_c93a5fb4.dat.jsonl,4708,4708,1185935,4707,1185686,254,254,0
all,16,real_data/r1032c0_849aa7f8.dat.jsonl,1147,1147,2213187,1146,2212935,254,0,254
all,16,real_data/r1032c0_849aa7f8.dat.jsonl,5268,5268,3244687,5267,3244434,254,255,1
all,5,real_data/r0024d0_c93a5fb4.dat.jsonl,6503,6503,1635186,6502,1634937,253,255,2
all,16,real_data/r0024d0_c93a5fb4.dat.jsonl,1908,1908,485186,1907,484936,253,1,254
all,16,real_data/r0024d0_c93a5fb4.dat.jsonl,5499,5499,1383936,5498,1383686,253,1,254
all,16,real_data/r0024d0_c93a5fb4.dat.jsonl,6389,6389,1606685,6388,1606436,253,253,0
all,16,real_data/r0024d0_c93a5fb4.dat.jsonl,6558,6558,1648936,6557,1648684,253,253,0
all,16,real_data/r1032c0_849aa7f8.dat.jsonl,3534,3534,2810187,3533,2809936,253,2,255
all,16,real_data/r1032c0_849aa7f8.dat.jsonl,5433,5433,3286184,5432,3285936,253,253,0
all,5,real_data/r0024d0_c93a5fb4.dat.jsonl,4440,4440,1118935,4439,1118686,252,255,3
all,5,real_data/r0024d0_c93a5fb4.dat.jsonl,5886,5886,1480685,5885,1480436,252,253,1
all,16,real_data/r0024d0_c93a5fb4.dat.jsonl,170,170,50186,169,49937,252,0,252
all,16,real_data/r0024d0_c93a5fb4.dat.jsonl,171,171,50435,170,50186,252,252,0
all,16,real_data/r0024d0_c93a5fb4.dat.jsonl,537,537,142185,536,141935,252,0,252
all,16,real_data/r0024d0_c93a5fb4.dat.jsonl,538,538,142437,537,142185,252,252,0
all,16,real_data/r0024d0_c93a5fb4.dat.jsonl,999,999,257936,998,257687,252,252,0
all,16,real_data/r0024d0_c93a5fb4.dat.jsonl,1594,1594,406685,1593,406435,252,254,2
all,16,real_data/r0024d0_c93a5fb4.dat.jsonl,1907,1907,484936,1906,484685,252,253,1
all,16,real_data/r0024d0_c93a5fb4.dat.jsonl,5320,5320,1339185,5319,1338935,252,253,1
all,16,real_data/r0024d0_c93a5fb4.dat.jsonl,5779,5779,1453935,5778,1453686,252,0,252
all,16,real_data/r0024d0_c93a5fb4.dat.jsonl,6411,6411,1612184,6410,1611935,252,252,0
all,16,real_data/r1032c0_849aa7f8.dat.jsonl,1902,1902,2402185,1901,2401936,252,3,255
all,16,real_data/r1032c0_849aa7f8.dat.jsonl,2311,2311,2504435,2310,2504186,252,255,3
all,16,real_data/r1032c0_849aa7f8.dat.jsonl,5582,5582,3323435,5581,3323185,252,0,252
all,16,real_data/r1032c0_849aa7f8.dat.jsonl,5934,5934,3411436,5933,3411187,252,2,254
all,5,real_data/r1032c0_849aa7f8.dat.jsonl,4026,4026,2933686,4025,2933436,251,251,0
all,16,real_data/r0024d0_c93a5fb4.dat.jsonl,2263,2263,573937,2262,573685,251,4,255
all,16,real_data/r0024d0_c93a5fb4.dat.jsonl,2420,2420,613185,2419,612935,251,0,251
all,16,real_data/r0024d0_c93a5fb4.dat.jsonl,2455,2455,621934,2454,621686,251,251,0
all,16,real_data/r0024d0_c93a5fb4.dat.jsonl,2728,2728,690436,2727,690187,251,252,1
all,16,real_data/r0024d0_c93a5fb4.dat.jsonl,2864,2864,724436,2863,724187,251,251,0
all,16,real_data/r0024d0_c93a5fb4.dat.jsonl,5246,5246,1320686,5245,1320436,251,3,254
all,16,real_data/r1032c0_849aa7f8.dat.jsonl,2254,2254,2490186,2253,2489935,251,255,4
all,16,real_data/r1032c0_849aa7f8.dat.jsonl,2545,2545,2562937,2544,2562685,251,0,251
all,16,real_data/r1032c0_849aa7f8.dat.jsonl,3510,3510,2804187,3509,2803935,251,2,253
all,16,real_data/r1032c0_849aa7f8.dat.jsonl,3577,3577,2821185,3576,2820935,251,251,0
all,5,real_data/r1032c0_849aa7f8.dat.jsonl,76,76,1945435,75,1945186,250,4,254
all,5,real_data/r1032c0_849aa7f8.dat.jsonl,77,77,1945685,76,1945435,250,254,4
all,5,real_data/r1032c0_849aa7f8.dat.jsonl,4199,4199,2976936,4198,2976687,250,254,4
all,16,real_data/r0024d0_c93a5fb4.dat.jsonl,1216,1216,312187,1215,311935,250,250,0
all,16,real_data/r0024d0_c93a5fb4.dat.jsonl,1828,1828,465185,1827,464936,250,0,250
all,16,real_data/r0024d0_c93a5fb4.dat.jsonl,1975,1975,501936,1974,501686,250,3,253
all,16,real_data/r0024d0_c93a5fb4.dat.jsonl,4242,4242,1069185,4241,1068936,250,250,0
all,16,real_data/r1032c0_849aa7f8.dat.jsonl,2253,2253,2489935,2252,2489685,250,5,255
all,16,real_data/r1032c0_849aa7f8.dat.jsonl,2486,2486,2548187,2485,2547935,250,5,255
all,16,real_data/r1032c0_849aa7f8.dat.jsonl,2842,2842,2637186,2841,2636936,250,255,5
all,16,real_data/r1032c0_849aa7f8.dat.jsonl,5933,5933,3411187,5932,3410934,250,252,2
all,16,real_data/r1032c0_849aa7f8.dat.jsonl,6586,6586,3574436,6585,3574186,250,3,253
all,16,real_data/r1032c0_849aa7f8.dat.jsonl,6770,6770,3620435,6769,3620186,250,250,0
all,5,real_data/r0024d0_c93a5fb4.dat.jsonl,1079,1079,277937,1078,277685,249,249,0
all,5,real_data/r1032c0_849aa7f8.dat.jsonl,851,851,2139185,850,2138936,249,254,5
all,5,real_data/r1032c0_849aa7f8.dat.jsonl,2912,2912,2654685,2911,2654436,249,0,249
all,16,real_data/r0024d0_c93a5fb4.dat.jsonl,691,691,180686,690,180436,249,255,6
all,16,real_data/r0024d0_c93a5fb4.dat.jsonl,1143,1143,293936,1142,293686,249,1,250
all,16,real_data/r0024d0_c93a5fb4.dat.jsonl,1910,1910,485687,1909,485435,249,250,1
all,16,real_data/r0024d0_c93a5fb4.dat.jsonl,2188,2188,555185,2187,554936,249,254,5
all,16,real_data/r0024d0_c93a5fb4.dat.jsonl,2297,2297,582435,2296,582185,249,252,3
all,16,real_data/r0024d0_c93a5fb4.dat.jsonl,3968,3968,1000687,3967,1000434,249,6,255
all,16,real_data/r0024d0_c93a5fb4.dat.jsonl,4978,4978,1253685,4977,1253436,249,4,253
all,16,real_data/r0024d0_c93a5fb4.dat.jsonl,5131,5131,1291935,5130,1291686,249,1,250
all,16,real_data/r0024d0_c93a5fb4.dat.jsonl,5244,5244,1320187,5243,1319935,249,254,5
all,16,real_data/r0024d0_c93a5fb4.dat.jsonl,6756,6756,1698436,6755,1698184,249,252,3
all,16,real_data/r1032c0_849aa7f8.dat.jsonl,1323,1323,2257185,1322,2256936,249,6,255
all,16,real_data/r1032c0_849aa7f8.dat.jsonl,1715,1715,2355185,1714,2354935,249,0,249
all,16,real_data/r1032c0_849aa7f8.dat.jsonl,1937,1937,2410935,1936,2410685,249,254,5
all,16,real_data/r1032c0_849aa7f8.dat.jsonl,2046,2046,2438187,2045,2437937,249,0,249
all,16,real_data/r1032c0_849aa7f8.dat.jsonl,2960,2960,2666685,2959,2666436,249,5,254
all,5,real_data/r0024d0_c93a5fb4.dat.jsonl,3552,3552,896436,3551,896187,248,248,0
all,5,real_data/r0024d0_c93a5fb4.dat.jsonl,6523,6523,1640187,6522,1639935,248,248,0
all,16,real_data/r0024d0_c93a5fb4.dat.jsonl,254,254,71436,253,71186,248,5,253
all,16,real_data/r0024d0_c93a5fb4.dat.jsonl,428,428,114935,427,114685,248,0,248
all,16,real_data/r0024d0_c93a5fb4.dat.jsonl,1301,1301,333436,1300,333187,248,248,0
all,16,real_data/r0024d0_c93a5fb4.dat.jsonl,1386,1386,354686,1385,354436,248,6,254
all,16,real_data/r0024d0_c93a5fb4.dat.jsonl,1832,1832,466185,1831,465936,248,0,248
all,16,real_data/r0024d0_c93a5fb4.dat.jsonl,2395,2395,606935,2394,606686,248,2,250
all,16,real_data/r0024d0_c93a5fb4.dat.jsonl,3412,3412,861436,3411,861187,248,255,7
all,16,real_data/r0024d0_c93a5fb4.dat.jsonl,4024,4024,1014687,4023,1014435,248,248,0
all,16,real_data/r0024d0_c93a5fb4.dat.jsonl,4183,4183,1054435,4182,1054186,248,248,0
all,16,real_data/r0024d0_c93a5fb4.dat.jsonl,4378,4378,1103436,4377,1103185,248,255,7
all,16,real_data/r0024d0_c93a5fb4.dat.jsonl,4387,4387,1105685,4386,1105436,248,252,4
all,16,real_data/r0024d0_c93a5fb4.dat.jsonl,5308,5308,1336186,5307,1335936,248,0,248
all,16,real_data/r0024d0_c93a5fb4.dat.jsonl,5808,5808,1461186,5807,1460934,248,248,0
all,16,real_data/r0024d0_c93a5fb4.dat.jsonl,6115,6115,1538185,6114,1537936,248,248,0
all,16,real_data/r1032c0_849aa7f8.dat.jsonl,1090,1090,2198935,1089,2198686,248,1,249
all,16,real_data/r1032c0_849aa7f8.dat.jsonl,1620,1620,2331436,1619,2331187,248,4,252
all,16,real_data/r1032c0_849aa7f8.dat.jsonl,2023,2023,2432435,2022,2432186,248,253,5
all,16,real_data/r1032c0_849aa7f8.dat.jsonl,3357,3357,2765936,3356,2765685,248,1,249
all,16,real_data/r1032c0_849aa7f8.dat.jsonl,3940,3940,2911936,3939,2911686,248,0,248
all,16,real_data/r1032c0_849aa7f8.dat.jsonl,5269,5269,3244936,5268,3244687,248,1,249
all,5,real_data/r0024d0_c93a5fb4.dat.jsonl,730,730,190435,729,190186,247,252,5
all,5,real_data/r0024d0_c93a5fb4.dat.jsonl,766,766,199435,765,199185,247,7,254
