byte_index,b4,b5,b6,b7,b8,b9,b10,b11,b12,b13,b14,b15,b16,b17,b18,b19,b20,b21,b22
4,1.0000000000000002,-0.16113866140177127,0.642061835926101,0.6379388661051363,,,0.1619710622827548,-0.16228518340990744,0.0009395164541496975,-0.06006697979704961,0.12604816332728544,0.2946014202509401,0.17850489726174945,0.7206722842347345,-0.1508863049028188,0.9363909816011818,,,
5,-0.16113866140177127,0.9999999999999999,-0.0735842750851926,-0.07282450533261246,,,-0.041829545180361305,0.04256968462190468,-0.027092264161230607,0.03691578861300921,0.022493577364564078,-0.015883746358814312,-0.02628605959092113,-0.10526234037723696,0.07125190990143786,-0.09933732707232966,,,
6,0.642061835926101,-0.0735842750851926,0.9999999999999999,0.9997295210768411,,,0.08239696804540304,-0.08289170255014927,0.020136655045887773,-0.04774830817554275,0.0792486065741885,0.8517670134760708,0.29975969758518295,0.08172134392940188,0.06164342035892779,0.49319827494043134,,,
7,0.6379388661051363,-0.07282450533261246,0.9997295210768411,1.0,,,0.08157262907778332,-0.08193280366111684,0.019398040983600706,-0.046728201928030434,0.07826909826639654,0.8518529036983985,0.2947702064617118,0.07369850583560139,0.07167871689476933,0.49062611804349493,,,
8,,,,,,,,,,,,,,,,,,,
9,,,,,,,,,,,,,,,,,,,
10,0.1619710622827548,-0.041829545180361305,0.08239696804540304,0.08157262907778332,,,1.0,-0.997820095561658,0.4352243081542988,-0.49630815544021956,0.00010432379938039715,0.03830601471415398,0.02905972012683861,0.13347443358590938,-0.07571201232578735,0.16607157969417333,,,
11,-0.16228518340990744,0.04256968462190468,-0.08289170255014927,-0.08193280366111684,,,-0.997820095561658,1.0,-0.4307394396030428,0.49137921179766525,0.00011791864114520392,-0.03908130928525251,-0.03030433947019537,-0.13444918537069586,0.07837319215352649,-0.1643388725945355,,,
12,0.0009395164541496975,-0.027092264161230607,0.020136655045887773,0.019398040983600706,,,0.4352243081542988,-0.4307394396030428,1.0000000000000002,-0.987193806518245,-0.0869033056426627,0.06261335918938389,0.025343236880687747,0.023468897067679236,-0.023575193425708463,-0.008251877485956058,,,
13,-0.06006697979704961,0.03691578861300921,-0.04774830817554275,-0.046728201928030434,,,-0.49630815544021956,0.49137921179766525,-0.987193806518245,0.9999999999999999,0.06959296687855594,-0.05998886800185435,-0.032136389581235464,-0.0694500027865195,0.04435119892990964,-0.05471464367525245,,,
14,0.12604816332728544,0.022493577364564078,0.0792486065741885,0.07826909826639654,,,0.00010432379938039715,0.00011791864114520392,-0.0869033056426627,0.06959296687855594,1.0,0.017770905600006714,0.01095819214233976,0.09703570145663522,-0.05908413002113805,0.0861055388466463,,,
15,0.2946014202509401,-0.015883746358814312,0.8517670134760708,0.8518529036983985,,,0.03830601471415398,-0.03908130928525251,0.06261335918938389,-0.05998886800185435,0.017770905600006714,1.0,0.23230867689802884,-0.17549797563593655,0.16971883864632037,0.14183259686137534,,,
16,0.17850489726174945,-0.02628605959092113,0.29975969758518295,0.2947702064617118,,,0.02905972012683861,-0.03030433947019537,0.025343236880687747,-0.032136389581235464,0.01095819214233976,0.23230867689802884,1.0,0.16378459508082222,-0.31425810094527296,0.09486103438756595,,,
17,0.7206722842347345,-0.10526234037723696,0.08172134392940188,0.07369850583560139,,,0.13347443358590938,-0.13444918537069586,0.023468897067679236,-0.0694500027865195,0.09703570145663522,-0.17549797563593655,0.16378459508082222,1.0,-0.5191993910160058,0.7050090649759876,,,
18,-0.1508863049028188,0.07125190990143786,0.06164342035892779,0.07167871689476933,,,-0.07571201232578735,0.07837319215352649,-0.023575193425708463,0.04435119892990964,-0.05908413002113805,0.16971883864632037,-0.31425810094527296,-0.5191993910160058,1.0,-0.08129363881704567,,,
19,0.9363909816011818,-0.09933732707232966,0.49319827494043134,0.49062611804349493,,,0.16607157969417333,-0.1643388725945355,-0.008251877485956058,-0.05471464367525245,0.0861055388466463,0.14183259686137534,0.09486103438756595,0.7050090649759876,-0.08129363881704567,1.0000000000000002,,,
20,,,,,,,,,,,,,,,,,,,
21,,,,,,,,,,,,,,,,,,,
22,,,,,,,,,,,,,,,,,,,
