session,byte_index,longest_frozen_run,count,unique_values,pct_session_frozen
all,8,13821,13821,1,100.0
all,9,13821,13821,1,100.0
all,20,13821,13821,1,100.0
all,21,13821,13821,1,100.0
all,22,13821,13821,1,100.0
all,11,2911,13821,14,21.06215179798857
all,10,1154,13821,31,8.349612907893784
all,19,1020,13821,71,7.380073800738007
all,13,967,13821,55,6.996599377758484
all,12,967,13821,93,6.996599377758484
all,18,600,13821,35,4.341219882787064
all,7,600,13821,117,4.341219882787064
all,15,587,13821,9,4.24716011866001
all,4,586,13821,26,4.239924752188698
all,6,582,13821,151,4.210983286303451
all,16,32,13821,256,0.23153172708197672
all,17,23,13821,109,0.16641342884017074
all,5,21,13821,256,0.15194269589754722
all,14,13,13821,23,0.09405976412705304
