window_index,start_frame_index,end_frame_index,sample_count,checksum_failure_ratio,invalid_decoded_ratio,duration_ms,rpm_mean,rpm_std,rpm_min,rpm_max,rpm_range,rpm_median,rpm_first,rpm_last,rpm_delta,rpm_slope,rpm_mean_absolute_diff,rpm_max_absolute_diff,rpm_constant_signal,tps_voltage_mean,tps_voltage_std,tps_voltage_min,tps_voltage_max,tps_voltage_range,tps_voltage_median,tps_voltage_first,tps_voltage_last,tps_voltage_delta,tps_voltage_slope,tps_voltage_mean_absolute_diff,tps_voltage_max_absolute_diff,tps_voltage_constant_signal,tps_raw_candidate_mean,tps_raw_candidate_std,tps_raw_candidate_min,tps_raw_candidate_max,tps_raw_candidate_range,tps_raw_candidate_median,tps_raw_candidate_first,tps_raw_candidate_last,tps_raw_candidate_delta,tps_raw_candidate_slope,tps_raw_candidate_mean_absolute_diff,tps_raw_candidate_max_absolute_diff,tps_raw_candidate_constant_signal,battery_voltage_mean,battery_voltage_std,battery_voltage_min,battery_voltage_max,battery_voltage_range,battery_voltage_median,battery_voltage_first,battery_voltage_last,battery_voltage_delta,battery_voltage_slope,battery_voltage_mean_absolute_diff,battery_voltage_max_absolute_diff,battery_voltage_constant_signal,iat_c_mean,iat_c_std,iat_c_min,iat_c_max,iat_c_range,iat_c_median,iat_c_first,iat_c_last,iat_c_delta,iat_c_slope,iat_c_mean_absolute_diff,iat_c_max_absolute_diff,iat_c_constant_signal,ect_c_candidate_mean,ect_c_candidate_std,ect_c_candidate_min,ect_c_candidate_max,ect_c_candidate_range,ect_c_candidate_median,ect_c_candidate_first,ect_c_candidate_last,ect_c_candidate_delta,ect_c_candidate_slope,ect_c_candidate_mean_absolute_diff,ect_c_candidate_max_absolute_diff,ect_c_candidate_constant_signal,map_raw_mean,map_raw_std,map_raw_min,map_raw_max,map_raw_range,map_raw_median,map_raw_first,map_raw_last,map_raw_delta,map_raw_slope,map_raw_mean_absolute_diff,map_raw_max_absolute_diff,map_raw_constant_signal,corr_rpm_tps_voltage,corr_rpm_tps_raw,corr_rpm_map,corr_tps_map,rpm_per_tps_voltage
0,0,19,20,0.0,0.0,1900.0,0.0,0.0,0.0,0.0,0.0,0.0,0.0,0.0,0.0,0.0,0.0,0.0,1.0,0.48828125,0.0,0.48828125,0.48828125,0.0,0.48828125,0.48828125,0.48828125,0.0,0.0,0.0,0.0,1.0,0.0,0.0,0.0,0.0,0.0,0.0,0.0,0.0,0.0,0.0,0.0,0.0,1.0,12.9,0.0,12.9,12.9,0.0,12.9,12.9,12.9,0.0,0.0,0.0,0.0,1.0,33.0,0.0,33.0,33.0,0.0,33.0,33.0,33.0,0.0,0.0,0.0,0.0,1.0,52.0,0.0,52.0,52.0,0.0,52.0,52.0,52.0,0.0,0.0,0.0,0.0,1.0,89.0,0.0,89.0,89.0,0.0,89.0,89.0,89.0,0.0,0.0,0.0,0.0,1.0,0.0,0.0,0.0,0.0,0.0
1,5,24,20,0.0,0.0,1900.0,0.0,0.0,0.0,0.0,0.0,0.0,0.0,0.0,0.0,0.0,0.0,0.0,1.0,0.48828125,0.0,0.48828125,0.48828125,0.0,0.48828125,0.48828125,0.48828125,0.0,0.0,0.0,0.0,1.0,0.0,0.0,0.0,0.0,0.0,0.0,0.0,0.0,0.0,0.0,0.0,0.0,1.0,12.9,0.0,12.9,12.9,0.0,12.9,12.9,12.9,0.0,0.0,0.0,0.0,1.0,33.0,0.0,33.0,33.0,0.0,33.0,33.0,33.0,0.0,0.0,0.0,0.0,1.0,52.0,0.0,52.0,52.0,0.0,52.0,52.0,52.0,0.0,0.0,0.0,0.0,1.0,89.0,0.0,89.0,89.0,0.0,89.0,89.0,89.0,0.0,0.0,0.0,0.0,1.0,0.0,0.0,0.0,0.0,0.0
2,10,29,20,0.0,0.0,1900.0,0.0,0.0,0.0,0.0,0.0,0.0,0.0,0.0,0.0,0.0,0.0,0.0,1.0,0.48828125,0.0,0.48828125,0.48828125,0.0,0.48828125,0.48828125,0.48828125,0.0,0.0,0.0,0.0,1.0,0.0,0.0,0.0,0.0,0.0,0.0,0.0,0.0,0.0,0.0,0.0,0.0,1.0,12.9,0.0,12.9,12.9,0.0,12.9,12.9,12.9,0.0,0.0,0.0,0.0,1.0,33.0,0.0,33.0,33.0,0.0,33.0,33.0,33.0,0.0,0.0,0.0,0.0,1.0,52.0,0.0,52.0,52.0,0.0,52.0,52.0,52.0,0.0,0.0,0.0,0.0,1.0,89.0,0.0,89.0,89.0,0.0,89.0,89.0,89.0,0.0,0.0,0.0,0.0,1.0,0.0,0.0,0.0,0.0,0.0
3,15,34,20,0.0,0.0,1900.0,0.0,0.0,0.0,0.0,0.0,0.0,0.0,0.0,0.0,0.0,0.0,0.0,1.0,0.48828125,0.0,0.48828125,0.48828125,0.0,0.48828125,0.48828125,0.48828125,0.0,0.0,0.0,0.0,1.0,0.0,0.0,0.0,0.0,0.0,0.0,0.0,0.0,0.0,0.0,0.0,0.0,1.0,12.9,0.0,12.9,12.9,0.0,12.9,12.9,12.9,0.0,0.0,0.0,0.0,1.0,33.0,0.0,33.0,33.0,0.0,33.0,33.0,33.0,0.0,0.0,0.0,0.0,1.0,52.0,0.0,52.0,52.0,0.0,52.0,52.0,52.0,0.0,0.0,0.0,0.0,1.0,89.0,0.0,89.0,89.0,0.0,89.0,89.0,89.0,0.0,0.0,0.0,0.0,1.0,0.0,0.0,0.0,0.0,0.0
4,20,39,20,0.0,0.0,1900.0,0.0,0.0,0.0,0.0,0.0,0.0,0.0,0.0,0.0,0.0,0.0,0.0,1.0,0.48828125,0.0,0.48828125,0.48828125,0.0,0.48828125,0.48828125,0.48828125,0.0,0.0,0.0,0.0,1.0,0.0,0.0,0.0,0.0,0.0,0.0,0.0,0.0,0.0,0.0,0.0,0.0,1.0,12.9,0.0,12.9,12.9,0.0,12.9,12.9,12.9,0.0,0.0,0.0,0.0,1.0,33.0,0.0,33.0,33.0,0.0,33.0,33.0,33.0,0.0,0.0,0.0,0.0,1.0,52.0,0.0,52.0,52.0,0.0,52.0,52.0,52.0,0.0,0.0,0.0,0.0,1.0,89.0,0.0,89.0,89.0,0.0,89.0,89.0,89.0,0.0,0.0,0.0,0.0,1.0,0.0,0.0,0.0,0.0,0.0
5,25,44,20,0.0,0.0,1900.0,0.0,0.0,0.0,0.0,0.0,0.0,0.0,0.0,0.0,0.0,0.0,0.0,1.0,0.48828125,0.0,0.48828125,0.48828125,0.0,0.48828125,0.48828125,0.48828125,0.0,0.0,0.0,0.0,1.0,0.0,0.0,0.0,0.0,0.0,0.0,0.0,0.0,0.0,0.0,0.0,0.0,1.0,12.9,0.0,12.9,12.9,0.0,12.9,12.9,12.9,0.0,0.0,0.0,0.0,1.0,33.0,0.0,33.0,33.0,0.0,33.0,33.0,33.0,0.0,0.0,0.0,0.0,1.0,52.0,0.0,52.0,52.0,0.0,52.0,52.0,52.0,0.0,0.0,0.0,0.0,1.0,89.0,0.0,89.0,89.0,0.0,89.0,89.0,89.0,0.0,0.0,0.0,0.0,1.0,0.0,0.0,0.0,0.0,0.0
6,30,49,20,0.0,0.0,1900.0,0.0,0.0,0.0,0.0,0.0,0.0,0.0,0.0,0.0,0.0,0.0,0.0,1.0,0.48828125,0.0,0.48828125,0.48828125,0.0,0.48828125,0.48828125,0.48828125,0.0,0.0,0.0,0.0,1.0,0.0,0.0,0.0,0.0,0.0,0.0,0.0,0.0,0.0,0.0,0.0,0.0,1.0,12.9,0.0,12.9,12.9,0.0,12.9,12.9,12.9,0.0,0.0,0.0,0.0,1.0,33.0,0.0,33.0,33.0,0.0,33.0,33.0,33.0,0.0,0.0,0.0,0.0,1.0,52.0,0.0,52.0,52.0,0.0,52.0,52.0,52.0,0.0,0.0,0.0,0.0,1.0,89.0,0.0,89.0,89.0,0.0,89.0,89.0,89.0,0.0,0.0,0.0,0.0,1.0,0.0,0.0,0.0,0.0,0.0
7,35,54,20,0.0,0.0,1900.0,0.0,0.0,0.0,0.0,0.0,0.0,0.0,0.0,0.0,0.0,0.0,0.0,1.0,0.48828125,0.0,0.48828125,0.48828125,0.0,0.48828125,0.48828125,0.48828125,0.0,0.0,0.0,0.0,1.0,0.0,0.0,0.0,0.0,0.0,0.0,0.0,0.0,0.0,0.0,0.0,0.0,1.0,12.9,0.0,12.9,12.9,0.0,12.9,12.9,12.9,0.0,0.0,0.0,0.0,1.0,33.0,0.0,33.0,33.0,0.0,33.0,33.0,33.0,0.0,0.0,0.0,0.0,1.0,52.0,0.0,52.0,52.0,0.0,52.0,52.0,52.0,0.0,0.0,0.0,0.0,1.0,89.0,0.0,89.0,89.0,0.0,89.0,89.0,89.0,0.0,0.0,0.0,0.0,1.0,0.0,0.0,0.0,0.0,0.0
8,40,59,20,0.0,0.0,1900.0,0.0,0.0,0.0,0.0,0.0,0.0,0.0,0.0,0.0,0.0,0.0,0.0,1.0,0.48828125,0.0,0.48828125,0.48828125,0.0,0.48828125,0.48828125,0.48828125,0.0,0.0,0.0,0.0,1.0,0.0,0.0,0.0,0.0,0.0,0.0,0.0,0.0,0.0,0.0,0.0,0.0,1.0,12.9,0.0,12.9,12.9,0.0,12.9,12.9,12.9,0.0,0.0,0.0,0.0,1.0,33.0,0.0,33.0,33.0,0.0,33.0,33.0,33.0,0.0,0.0,0.0,0.0,1.0,52.0,0.0,52.0,52.0,0.0,52.0,52.0,52.0,0.0,0.0,0.0,0.0,1.0,89.0,0.0,89.0,89.0,0.0,89.0,89.0,89.0,0.0,0.0,0.0,0.0,1.0,0.0,0.0,0.0,0.0,0.0
9,45,64,20,0.0,0.0,1900.0,0.0,0.0,0.0,0.0,0.0,0.0,0.0,0.0,0.0,0.0,0.0,0.0,1.0,0.48828125,0.0,0.48828125,0.48828125,0.0,0.48828125,0.48828125,0.48828125,0.0,0.0,0.0,0.0,1.0,0.0,0.0,0.0,0.0,0.0,0.0,0.0,0.0,0.0,0.0,0.0,0.0,1.0,12.9,0.0,12.9,12.9,0.0,12.9,12.9,12.9,0.0,0.0,0.0,0.0,1.0,33.0,0.0,33.0,33.0,0.0,33.0,33.0,33.0,0.0,0.0,0.0,0.0,1.0,52.0,0.0,52.0,52.0,0.0,52.0,52.0,52.0,0.0,0.0,0.0,0.0,1.0,89.0,0.0,89.0,89.0,0.0,89.0,89.0,89.0,0.0,0.0,0.0,0.0,1.0,0.0,0.0,0.0,0.0,0.0
10,50,69,20,0.0,0.0,1900.0,0.0,0.0,0.0,0.0,0.0,0.0,0.0,0.0,0.0,0.0,0.0,0.0,1.0,0.48828125,0.0,0.48828125,0.48828125,0.0,0.48828125,0.48828125,0.48828125,0.0,0.0,0.0,0.0,1.0,0.0,0.0,0.0,0.0,0.0,0.0,0.0,0.0,0.0,0.0,0.0,0.0,1.0,12.9,0.0,12.9,12.9,0.0,12.9,12.9,12.9,0.0,0.0,0.0,0.0,1.0,33.0,0.0,33.0,33.0,0.0,33.0,33.0,33.0,0.0,0.0,0.0,0.0,1.0,52.0,0.0,52.0,52.0,0.0,52.0,52.0,52.0,0.0,0.0,0.0,0.0,1.0,89.0,0.0,89.0,89.0,0.0,89.0,89.0,89.0,0.0,0.0,0.0,0.0,1.0,0.0,0.0,0.0,0.0,0.0
11,55,74,20,0.0,0.0,1900.0,0.0,0.0,0.0,0.0,0.0,0.0,0.0,0.0,0.0,0.0,0.0,0.0,1.0,0.48828125,0.0,0.48828125,0.48828125,0.0,0.48828125,0.48828125,0.48828125,0.0,0.0,0.0,0.0,1.0,0.0,0.0,0.0,0.0,0.0,0.0,0.0,0.0,0.0,0.0,0.0,0.0,1.0,12.9,0.0,12.9,12.9,0.0,12.9,12.9,12.9,0.0,0.0,0.0,0.0,1.0,33.0,0.0,33.0,33.0,0.0,33.0,33.0,33.0,0.0,0.0,0.0,0.0,1.0,52.0,0.0,52.0,52.0,0.0,52.0,52.0,52.0,0.0,0.0,0.0,0.0,1.0,89.0,0.0,89.0,89.0,0.0,89.0,89.0,89.0,0.0,0.0,0.0,0.0,1.0,0.0,0.0,0.0,0.0,0.0
12,60,79,20,0.0,0.0,1900.0,0.0,0.0,0.0,0.0,0.0,0.0,0.0,0.0,0.0,0.0,0.0,0.0,1.0,0.48828125,0.0,0.48828125,0.48828125,0.0,0.48828125,0.48828125,0.48828125,0.0,0.0,0.0,0.0,1.0,0.0,0.0,0.0,0.0,0.0,0.0,0.0,0.0,0.0,0.0,0.0,0.0,1.0,12.9,0.0,12.9,12.9,0.0,12.9,12.9,12.9,0.0,0.0,0.0,0.0,1.0,33.0,0.0,33.0,33.0,0.0,33.0,33.0,33.0,0.0,0.0,0.0,0.0,1.0,52.0,0.0,52.0,52.0,0.0,52.0,52.0,52.0,0.0,0.0,0.0,0.0,1.0,89.0,0.0,89.0,89.0,0.0,89.0,89.0,89.0,0.0,0.0,0.0,0.0,1.0,0.0,0.0,0.0,0.0,0.0
13,65,84,20,0.0,0.0,1900.0,0.0,0.0,0.0,0.0,0.0,0.0,0.0,0.0,0.0,0.0,0.0,0.0,1.0,0.48828125,0.0,0.48828125,0.48828125,0.0,0.48828125,0.48828125,0.48828125,0.0,0.0,0.0,0.0,1.0,0.0,0.0,0.0,0.0,0.0,0.0,0.0,0.0,0.0,0.0,0.0,0.0,1.0,12.9,0.0,12.9,12.9,0.0,12.9,12.9,12.9,0.0,0.0,0.0,0.0,1.0,33.0,0.0,33.0,33.0,0.0,33.0,33.0,33.0,0.0,0.0,0.0,0.0,1.0,52.0,0.0,52.0,52.0,0.0,52.0,52.0,52.0,0.0,0.0,0.0,0.0,1.0,89.0,0.0,89.0,89.0,0.0,89.0,89.0,89.0,0.0,0.0,0.0,0.0,1.0,0.0,0.0,0.0,0.0,0.0
14,70,89,20,0.0,0.0,1900.0,0.0,0.0,0.0,0.0,0.0,0.0,0.0,0.0,0.0,0.0,0.0,0.0,1.0,0.48828125,0.0,0.48828125,0.48828125,0.0,0.48828125,0.48828125,0.48828125,0.0,0.0,0.0,0.0,1.0,0.0,0.0,0.0,0.0,0.0,0.0,0.0,0.0,0.0,0.0,0.0,0.0,1.0,12.9,0.0,12.9,12.9,0.0,12.9,12.9,12.9,0.0,0.0,0.0,0.0,1.0,33.0,0.0,33.0,33.0,0.0,33.0,33.0,33.0,0.0,0.0,0.0,0.0,1.0,52.0,0.0,52.0,52.0,0.0,52.0,52.0,52.0,0.0,0.0,0.0,0.0,1.0,89.0,0.0,89.0,89.0,0.0,89.0,89.0,89.0,0.0,0.0,0.0,0.0,1.0,0.0,0.0,0.0,0.0,0.0
15,75,94,20,0.0,0.0,1900.0,0.0,0.0,0.0,0.0,0.0,0.0,0.0,0.0,0.0,0.0,0.0,0.0,1.0,0.48828125,0.0,0.48828125,0.48828125,0.0,0.48828125,0.48828125,0.48828125,0.0,0.0,0.0,0.0,1.0,0.0,0.0,0.0,0.0,0.0,0.0,0.0,0.0,0.0,0.0,0.0,0.0,1.0,12.9,0.0,12.9,12.9,0.0,12.9,12.9,12.9,0.0,0.0,0.0,0.0,1.0,33.0,0.0,33.0,33.0,0.0,33.0,33.0,33.0,0.0,0.0,0.0,0.0,1.0,52.0,0.0,52.0,52.0,0.0,52.0,52.0,52.0,0.0,0.0,0.0,0.0,1.0,89.0,0.0,89.0,89.0,0.0,89.0,89.0,89.0,0.0,0.0,0.0,0.0,1.0,0.0,0.0,0.0,0.0,0.0
16,80,99,20,0.0,0.0,1900.0,0.0,0.0,0.0,0.0,0.0,0.0,0.0,0.0,0.0,0.0,0.0,0.0,1.0,0.48828125,0.0,0.48828125,0.48828125,0.0,0.48828125,0.48828125,0.48828125,0.0,0.0,0.0,0.0,1.0,0.0,0.0,0.0,0.0,0.0,0.0,0.0,0.0,0.0,0.0,0.0,0.0,1.0,12.9,0.0,12.9,12.9,0.0,12.9,12.9,12.9,0.0,0.0,0.0,0.0,1.0,33.0,0.0,33.0,33.0,0.0,33.0,33.0,33.0,0.0,0.0,0.0,0.0,1.0,52.0,0.0,52.0,52.0,0.0,52.0,52.0,52.0,0.0,0.0,0.0,0.0,1.0,89.0,0.0,89.0,89.0,0.0,89.0,89.0,89.0,0.0,0.0,0.0,0.0,1.0,0.0,0.0,0.0,0.0,0.0
17,85,104,20,0.0,0.0,1900.0,0.0,0.0,0.0,0.0,0.0,0.0,0.0,0.0,0.0,0.0,0.0,0.0,1.0,0.48828125,0.0,0.48828125,0.48828125,0.0,0.48828125,0.48828125,0.48828125,0.0,0.0,0.0,0.0,1.0,0.0,0.0,0.0,0.0,0.0,0.0,0.0,0.0,0.0,0.0,0.0,0.0,1.0,12.9,0.0,12.9,12.9,0.0,12.9,12.9,12.9,0.0,0.0,0.0,0.0,1.0,33.0,0.0,33.0,33.0,0.0,33.0,33.0,33.0,0.0,0.0,0.0,0.0,1.0,52.0,0.0,52.0,52.0,0.0,52.0,52.0,52.0,0.0,0.0,0.0,0.0,1.0,89.0,0.0,89.0,89.0,0.0,89.0,89.0,89.0,0.0,0.0,0.0,0.0,1.0,0.0,0.0,0.0,0.0,0.0
18,90,109,20,0.0,0.0,1900.0,0.0,0.0,0.0,0.0,0.0,0.0,0.0,0.0,0.0,0.0,0.0,0.0,1.0,0.48828125,0.0,0.48828125,0.48828125,0.0,0.48828125,0.48828125,0.48828125,0.0,0.0,0.0,0.0,1.0,0.0,0.0,0.0,0.0,0.0,0.0,0.0,0.0,0.0,0.0,0.0,0.0,1.0,12.9,0.0,12.9,12.9,0.0,12.9,12.9,12.9,0.0,0.0,0.0,0.0,1.0,33.0,0.0,33.0,33.0,0.0,33.0,33.0,33.0,0.0,0.0,0.0,0.0,1.0,52.0,0.0,52.0,52.0,0.0,52.0,52.0,52.0,0.0,0.0,0.0,0.0,1.0,89.0,0.0,89.0,89.0,0.0,89.0,89.0,89.0,0.0,0.0,0.0,0.0,1.0,0.0,0.0,0.0,0.0,0.0
19,95,114,20,0.0,0.0,1900.0,0.0,0.0,0.0,0.0,0.0,0.0,0.0,0.0,0.0,0.0,0.0,0.0,1.0,0.48828125,0.0,0.48828125,0.48828125,0.0,0.48828125,0.48828125,0.48828125,0.0,0.0,0.0,0.0,1.0,0.0,0.0,0.0,0.0,0.0,0.0,0.0,0.0,0.0,0.0,0.0,0.0,1.0,12.9,0.0,12.9,12.9,0.0,12.9,12.9,12.9,0.0,0.0,0.0,0.0,1.0,33.0,0.0,33.0,33.0,0.0,33.0,33.0,33.0,0.0,0.0,0.0,0.0,1.0,52.0,0.0,52.0,52.0,0.0,52.0,52.0,52.0,0.0,0.0,0.0,0.0,1.0,89.0,0.0,89.0,89.0,0.0,89.0,89.0,89.0,0.0,0.0,0.0,0.0,1.0,0.0,0.0,0.0,0.0,0.0
20,100,119,20,0.0,0.0,1900.0,0.0,0.0,0.0,0.0,0.0,0.0,0.0,0.0,0.0,0.0,0.0,0.0,1.0,0.48828125,0.0,0.48828125,0.48828125,0.0,0.48828125,0.48828125,0.48828125,0.0,0.0,0.0,0.0,1.0,0.0,0.0,0.0,0.0,0.0,0.0,0.0,0.0,0.0,0.0,0.0,0.0,1.0,12.9,0.0,12.9,12.9,0.0,12.9,12.9,12.9,0.0,0.0,0.0,0.0,1.0,33.0,0.0,33.0,33.0,0.0,33.0,33.0,33.0,0.0,0.0,0.0,0.0,1.0,52.0,0.0,52.0,52.0,0.0,52.0,52.0,52.0,0.0,0.0,0.0,0.0,1.0,89.0,0.0,89.0,89.0,0.0,89.0,89.0,89.0,0.0,0.0,0.0,0.0,1.0,0.0,0.0,0.0,0.0,0.0
21,105,124,20,0.0,0.0,1900.0,0.0,0.0,0.0,0.0,0.0,0.0,0.0,0.0,0.0,0.0,0.0,0.0,1.0,0.4921875,0.0078125,0.48828125,0.5078125,0.01953125,0.48828125,0.48828125,0.5078125,0.01953125,0.0010279605263157894,0.0010279605263157894,0.01953125,0.0,0.0,0.0,0.0,0.0,0.0,0.0,0.0,0.0,0.0,0.0,0.0,0.0,1.0,12.895000000000001,0.02179449471770329,12.8,12.9,0.09999999999999964,12.9,12.9,12.8,-0.09999999999999964,-0.005263157894736824,0.005263157894736824,0.09999999999999964,0.0,33.0,0.0,33.0,33.0,0.0,33.0,33.0,33.0,0.0,0.0,0.0,0.0,1.0,52.0,0.0,52.0,52.0,0.0,52.0,52.0,52.0,0.0,0.0,0.0,0.0,1.0,89.0,0.0,89.0,89.0,0.0,89.0,89.0,89.0,0.0,0.0,0.0,0.0,1.0,0.0,0.0,0.0,0.0,0.0
22,110,129,20,0.0,0.0,1900.0,135.55,321.3095820233191,0.0,1079.0,1079.0,0.0,0.0,1079.0,1079.0,56.78947368421053,56.78947368421053,776.0,0.0,0.4921875,0.0078125,0.48828125,0.5078125,0.01953125,0.48828125,0.48828125,0.48828125,0.0,0.0,0.002055921052631579,0.01953125,0.0,0.0,0.0,0.0,0.0,0.0,0.0,0.0,0.0,0.0,0.0,0.0,0.0,1.0,12.885000000000002,0.03570714214271412,12.8,12.9,0.09999999999999964,12.9,12.9,12.9,0.0,0.0,0.021052631578947295,0.09999999999999964,0.0,33.0,0.0,33.0,33.0,0.0,33.0,33.0,33.0,0.0,0.0,0.0,0.0,1.0,52.0,0.0,52.0,52.0,0.0,52.0,52.0,52.0,0.0,0.0,0.0,0.0,1.0,89.0,0.0,89.0,89.0,0.0,89.0,89.0,89.0,0.0,0.0,0.0,0.0,1.0,-0.21093364092416406,0.0,0.0,0.0,275.40317460317465
23,115,134,20,0.0,0.0,1900.0,574.8,755.4456036009476,0.0,1911.0,1911.0,10.0,0.0,1911.0,1911.0,100.57894736842105,104.15789473684211,776.0,0.0,0.4921875,0.0078125,0.48828125,0.5078125,0.01953125,0.48828125,0.48828125,0.48828125,0.0,0.0,0.002055921052631579,0.01953125,0.0,0.0,0.0,0.0,0.0,0.0,0.0,0.0,0.0,0.0,0.0,0.0,0.0,1.0,12.865,0.04769696007084712,12.8,12.9,0.09999999999999964,12.9,12.9,12.8,-0.09999999999999964,-0.005263157894736824,0.036842105263157766,0.09999999999999964,0.0,33.0,0.0,33.0,33.0,0.0,33.0,33.0,33.0,0.0,0.0,0.0,0.0,1.0,52.0,0.0,52.0,52.0,0.0,52.0,52.0,52.0,0.0,0.0,0.0,0.0,1.0,89.0,0.0,89.0,89.0,0.0,89.0,89.0,89.0,0.0,0.0,0.0,0.0,1.0,-0.38043771600504883,0.0,0.0,0.0,1167.847619047619
24,120,139,20,0.0,0.0,1900.0,1052.7,840.6024684712745,0.0,1955.0,1955.0,1257.5,0.0,1890.0,1890.0,99.47368421052632,110.0,776.0,0.0,0.4921875,0.0078125,0.48828125,0.5078125,0.01953125,0.48828125,0.48828125,0.48828125,0.0,0.0,0.002055921052631579,0.01953125,0.0,0.0,0.0,0.0,0.0,0.0,0.0,0.0,0.0,0.0,0.0,0.0,0.0,1.0,12.840000000000003,0.0489897948556634,12.8,12.9,0.09999999999999964,12.8,12.9,12.8,-0.09999999999999964,-0.005263157894736824,0.036842105263157766,0.09999999999999964,0.0,33.0,0.0,33.0,33.0,0.0,33.0,33.0,33.0,0.0,0.0,0.0,0.0,1.0,52.0,0.0,52.0,52.0,0.0,52.0,52.0,52.0,0.0,0.0,0.0,0.0,1.0,89.0,0.0,89.0,89.0,0.0,89.0,89.0,89.0,0.0,0.0,0.0,0.0,1.0,-0.626158047045976,0.0,0.0,0.0,2138.8190476190475
25,125,144,20,0.0,0.0,1900.0,1528.05,619.5133150304357,20.0,1955.0,1935.0,1882.5,20.0,1932.0,1912.0,100.63157894736842,115.47368421052632,776.0,0.0,0.48828125,0.0,0.48828125,0.48828125,0.0,0.48828125,0.48828125,0.48828125,0.0,0.0,0.0,0.0,1.0,0.0,0.0,0.0,0.0,0.0,0.0,0.0,0.0,0.0,0.0,0.0,0.0,1.0,12.820000000000002,0.039999999999999855,12.8,12.9,0.09999999999999964,12.8,12.9,12.8,-0.09999999999999964,-0.005263157894736824,0.026315789473684115,0.09999999999999964,0.0,33.0,0.0,33.0,33.0,0.0,33.0,33.0,33.0,0.0,0.0,0.0,0.0,1.0,52.0,0.0,52.0,52.0,0.0,52.0,52.0,52.0,0.0,0.0,0.0,0.0,1.0,89.0,0.0,89.0,89.0,0.0,89.0,89.0,89.0,0.0,0.0,0.0,0.0,1.0,0.0,0.0,0.0,0.0,3129.4464
26,130,149,20,0.0,0.0,1900.0,1866.5,109.73308525690874,1436.0,1955.0,519.0,1896.5,1436.0,1874.0,438.0,23.05263157894737,45.68421052631579,268.0,0.0,0.48828125,0.0,0.48828125,0.48828125,0.0,0.48828125,0.48828125,0.48828125,0.0,0.0,0.0,0.0,1.0,0.0,0.0,0.0,0.0,0.0,0.0,0.0,0.0,0.0,0.0,0.0,0.0,1.0,12.805000000000001,0.021794494717703287,12.8,12.9,0.09999999999999964,12.8,12.8,12.8,0.0,0.0,0.010526315789473648,0.09999999999999964,0.0,33.0,0.0,33.0,33.0,0.0,33.0,33.0,33.0,0.0,0.0,0.0,0.0,1.0,52.0,0.0,52.0,52.0,0.0,52.0,52.0,52.0,0.0,0.0,0.0,0.0,1.0,89.0,0.0,89.0,89.0,0.0,89.0,89.0,89.0,0.0,0.0,0.0,0.0,1.0,0.0,0.0,0.0,0.0,3822.592
27,135,154,20,0.0,0.0,1900.0,1917.1,30.755324742229597,1874.0,1967.0,93.0,1912.0,1955.0,1962.0,7.0,0.3684210526315789,20.263157894736842,67.0,0.0,0.48828125,0.0,0.48828125,0.48828125,0.0,0.48828125,0.48828125,0.48828125,0.0,0.0,0.0,0.0,1.0,0.0,0.0,0.0,0.0,0.0,0.0,0.0,0.0,0.0,0.0,0.0,0.0,1.0,12.800000000000002,1.7763568394002505e-15,12.8,12.8,0.0,12.8,12.8,12.8,0.0,0.0,0.0,0.0,1.0,33.0,0.0,33.0,33.0,0.0,33.0,33.0,33.0,0.0,0.0,0.0,0.0,1.0,52.0,0.0,52.0,52.0,0.0,52.0,52.0,52.0,0.0,0.0,0.0,0.0,1.0,89.0,0.0,89.0,89.0,0.0,89.0,89.0,89.0,0.0,0.0,0.0,0.0,1.0,0.0,0.0,0.0,0.0,3926.2207999999996
28,140,159,20,0.0,0.0,1900.0,1924.75,31.4608884172078,1874.0,1967.0,93.0,1924.0,1916.0,1906.0,-10.0,-0.5263157894736842,20.526315789473685,67.0,0.0,0.48828125,0.0,0.48828125,0.48828125,0.0,0.48828125,0.48828125,0.48828125,0.0,0.0,0.0,0.0,1.0,0.0,0.0,0.0,0.0,0.0,0.0,0.0,0.0,0.0,0.0,0.0,0.0,1.0,12.800000000000002,1.7763568394002505e-15,12.8,12.8,0.0,12.8,12.8,12.8,0.0,0.0,0.0,0.0,1.0,33.0,0.0,33.0,33.0,0.0,33.0,33.0,33.0,0.0,0.0,0.0,0.0,1.0,52.0,0.0,52.0,52.0,0.0,52.0,52.0,52.0,0.0,0.0,0.0,0.0,1.0,89.0,0.0,89.0,89.0,0.0,89.0,89.0,89.0,0.0,0.0,0.0,0.0,1.0,0.0,0.0,0.0,0.0,3941.888
29,145,164,20,0.0,0.0,1900.0,1927.3,28.19769494125362,1874.0,1967.0,93.0,1920.5,1900.0,1924.0,24.0,1.263157894736842,15.368421052631579,67.0,0.0,0.48828125,0.0,0.48828125,0.48828125,0.0,0.48828125,0.48828125,0.48828125,0.0,0.0,0.0,0.0,1.0,0.0,0.0,0.0,0.0,0.0,0.0,0.0,0.0,0.0,0.0,0.0,0.0,1.0,12.800000000000002,1.7763568394002505e-15,12.8,12.8,0.0,12.8,12.8,12.8,0.0,0.0,0.0,0.0,1.0,33.0,0.0,33.0,33.0,0.0,33.0,33.0,33.0,0.0,0.0,0.0,0.0,1.0,52.0,0.0,52.0,52.0,0.0,52.0,52.0,52.0,0.0,0.0,0.0,0.0,1.0,89.0,0.0,89.0,89.0,0.0,89.0,89.0,89.0,0.0,0.0,0.0,0.0,1.0,0.0,0.0,0.0,0.0,3947.1104
30,150,169,20,0.0,0.0,1900.0,1941.3,22.242077241121162,1899.0,1967.0,68.0,1948.5,1941.0,1933.0,-8.0,-0.42105263157894735,12.421052631578947,41.0,0.0,0.48828125,0.0,0.48828125,0.48828125,0.0,0.48828125,0.48828125,0.48828125,0.0,0.0,0.0,0.0,1.0,0.0,0.0,0.0,0.0,0.0,0.0,0.0,0.0,0.0,0.0,0.0,0.0,1.0,12.800000000000002,1.7763568394002505e-15,12.8,12.8,0.0,12.8,12.8,12.8,0.0,0.0,0.0,0.0,1.0,33.0,0.0,33.0,33.0,0.0,33.0,33.0,33.0,0.0,0.0,0.0,0.0,1.0,52.0,0.0,52.0,52.0,0.0,52.0,52.0,52.0,0.0,0.0,0.0,0.0,1.0,89.0,0.0,89.0,89.0,0.0,89.0,89.0,89.0,0.0,0.0,0.0,0.0,1.0,0.0,0.0,0.0,0.0,3975.7824
31,155,174,20,0.0,0.0,1900.0,1927.25,55.2321238049018,1707.0,1982.0,275.0,1942.5,1940.0,1707.0,-233.0,-12.263157894736842,26.36842105263158,217.0,0.0,0.48828125,0.0,0.48828125,0.48828125,0.0,0.48828125,0.48828125,0.48828125,0.0,0.0,0.0,0.0,1.0,0.0,0.0,0.0,0.0,0.0,0.0,0.0,0.0,0.0,0.0,0.0,0.0,1.0,12.800000000000002,1.7763568394002505e-15,12.8,12.8,0.0,12.8,12.8,12.8,0.0,0.0,0.0,0.0,1.0,33.0,0.0,33.0,33.0,0.0,33.0,33.0,33.0,0.0,0.0,0.0,0.0,1.0,52.0,0.0,52.0,52.0,0.0,52.0,52.0,52.0,0.0,0.0,0.0,0.0,1.0,89.0,0.0,89.0,89.0,0.0,89.0,89.0,89.0,0.0,0.0,0.0,0.0,1.0,0.0,0.0,0.0,0.0,3947.008
32,160,179,20,0.0,0.0,1900.0,1782.75,251.41397634180962,1285.0,1982.0,697.0,1920.5,1899.0,1285.0,-614.0,-32.31578947368421,44.21052631578947,217.0,0.0,0.48828125,0.0,0.48828125,0.48828125,0.0,0.48828125,0.48828125,0.48828125,0.0,0.0,0.0,0.0,1.0,0.0,0.0,0.0,0.0,0.0,0.0,0.0,0.0,0.0,0.0,0.0,0.0,1.0,12.800000000000002,1.7763568394002505e-15,12.8,12.8,0.0,12.8,12.8,12.8,0.0,0.0,0.0,0.0,1.0,33.0,0.0,33.0,33.0,0.0,33.0,33.0,33.0,0.0,0.0,0.0,0.0,1.0,52.0,0.0,52.0,52.0,0.0,52.0,52.0,52.0,0.0,0.0,0.0,0.0,1.0,89.0,0.0,89.0,89.0,0.0,89.0,89.0,89.0,0.0,0.0,0.0,0.0,1.0,0.0,0.0,0.0,0.0,3651.072
33,165,184,20,0.0,0.0,1900.0,1643.25,292.97062566066245,1285.0,1982.0,697.0,1613.0,1950.0,1393.0,-557.0,-29.31578947368421,47.21052631578947,217.0,0.0,0.48828125,0.0,0.48828125,0.48828125,0.0,0.48828125,0.48828125,0.48828125,0.0,0.0,0.0,0.0,1.0,0.0,0.0,0.0,0.0,0.0,0.0,0.0,0.0,0.0,0.0,0.0,0.0,1.0,12.800000000000002,1.7763568394002505e-15,12.8,12.8,0.0,12.8,12.8,12.8,0.0,0.0,0.0,0.0,1.0,33.0,0.0,33.0,33.0,0.0,33.0,33.0,33.0,0.0,0.0,0.0,0.0,1.0,52.0,0.0,52.0,52.0,0.0,52.0,52.0,52.0,0.0,0.0,0.0,0.0,1.0,89.0,0.0,89.0,89.0,0.0,89.0,89.0,89.0,0.0,0.0,0.0,0.0,1.0,0.0,0.0,0.0,0.0,3365.376
34,170,189,20,0.0,0.0,1900.0,1504.7,240.58410171912857,1285.0,1982.0,697.0,1402.5,1945.0,1372.0,-573.0,-30.157894736842106,46.89473684210526,217.0,0.0,0.48828125,0.0,0.48828125,0.48828125,0.0,0.48828125,0.48828125,0.48828125,0.0,0.0,0.0,0.0,1.0,0.0,0.0,0.0,0.0,0.0,0.0,0.0,0.0,0.0,0.0,0.0,0.0,1.0,12.800000000000002,1.7763568394002505e-15,12.8,12.8,0.0,12.8,12.8,12.8,0.0,0.0,0.0,0.0,1.0,33.0,0.0,33.0,33.0,0.0,33.0,33.0,33.0,0.0,0.0,0.0,0.0,1.0,52.0,0.0,52.0,52.0,0.0,52.0,52.0,52.0,0.0,0.0,0.0,0.0,1.0,89.0,0.0,89.0,89.0,0.0,89.0,89.0,89.0,0.0,0.0,0.0,0.0,1.0,0.0,0.0,0.0,0.0,3081.6256000000003
35,175,194,20,0.0,0.0,1900.0,1368.5,51.362924371573705,1285.0,1519.0,234.0,1372.0,1519.0,1389.0,-130.0,-6.842105263157895,26.526315789473685,114.0,0.0,0.48828125,0.0,0.48828125,0.48828125,0.0,0.48828125,0.48828125,0.48828125,0.0,0.0,0.0,0.0,1.0,0.0,0.0,0.0,0.0,0.0,0.0,0.0,0.0,0.0,0.0,0.0,0.0,1.0,12.800000000000002,1.7763568394002505e-15,12.8,12.8,0.0,12.8,12.8,12.8,0.0,0.0,0.0,0.0,1.0,33.0,0.0,33.0,33.0,0.0,33.0,33.0,33.0,0.0,0.0,0.0,0.0,1.0,52.0,0.0,52.0,52.0,0.0,52.0,52.0,52.0,0.0,0.0,0.0,0.0,1.0,89.0,0.0,89.0,89.0,0.0,89.0,89.0,89.0,0.0,0.0,0.0,0.0,1.0,0.0,0.0,0.0,0.0,2802.688
36,180,199,20,0.0,0.0,1900.0,1368.05,28.3469134122218,1311.0,1407.0,96.0,1372.0,1311.0,1340.0,29.0,1.5263157894736843,16.05263157894737,48.0,0.0,0.48828125,0.0,0.48828125,0.48828125,0.0,0.48828125,0.48828125,0.48828125,0.0,0.0,0.0,0.0,1.0,0.0,0.0,0.0,0.0,0.0,0.0,0.0,0.0,0.0,0.0,0.0,0.0,1.0,12.800000000000002,1.7763568394002505e-15,12.8,12.8,0.0,12.8,12.8,12.8,0.0,0.0,0.0,0.0,1.0,33.0,0.0,33.0,33.0,0.0,33.0,33.0,33.0,0.0,0.0,0.0,0.0,1.0,52.0,0.0,52.0,52.0,0.0,52.0,52.0,52.0,0.0,0.0,0.0,0.0,1.0,89.0,0.0,89.0,89.0,0.0,89.0,89.0,89.0,0.0,0.0,0.0,0.0,1.0,0.0,0.0,0.0,0.0,2801.7664
37,185,204,20,0.0,0.0,1900.0,1366.05,26.110294904500794,1324.0,1407.0,83.0,1363.5,1400.0,1333.0,-67.0,-3.526315789473684,13.31578947368421,48.0,0.0,0.48828125,0.0,0.48828125,0.48828125,0.0,0.48828125,0.48828125,0.48828125,0.0,0.0,0.0,0.0,1.0,0.0,0.0,0.0,0.0,0.0,0.0,0.0,0.0,0.0,0.0,0.0,0.0,1.0,12.800000000000002,1.7763568394002505e-15,12.8,12.8,0.0,12.8,12.8,12.8,0.0,0.0,0.0,0.0,1.0,33.0,0.0,33.0,33.0,0.0,33.0,33.0,33.0,0.0,0.0,0.0,0.0,1.0,52.0,0.0,52.0,52.0,0.0,52.0,52.0,52.0,0.0,0.0,0.0,0.0,1.0,89.0,0.0,89.0,89.0,0.0,89.0,89.0,89.0,0.0,0.0,0.0,0.0,1.0,0.0,0.0,0.0,0.0,2797.6704
38,190,209,20,0.0,0.0,1900.0,1348.9,21.54970997484653,1309.0,1395.0,86.0,1343.0,1324.0,1336.0,12.0,0.631578947368421,12.736842105263158,37.0,0.0,0.48828125,0.0,0.48828125,0.48828125,0.0,0.48828125,0.48828125,0.48828125,0.0,0.0,0.0,0.0,1.0,0.0,0.0,0.0,0.0,0.0,0.0,0.0,0.0,0.0,0.0,0.0,0.0,1.0,12.800000000000002,1.7763568394002505e-15,12.8,12.8,0.0,12.8,12.8,12.8,0.0,0.0,0.0,0.0,1.0,33.0,0.0,33.0,33.0,0.0,33.0,33.0,33.0,0.0,0.0,0.0,0.0,1.0,52.0,0.0,52.0,52.0,0.0,52.0,52.0,52.0,0.0,0.0,0.0,0.0,1.0,89.0,0.0,89.0,89.0,0.0,89.0,89.0,89.0,0.0,0.0,0.0,0.0,1.0,0.0,0.0,0.0,0.0,2762.5472
39,195,214,20,0.0,0.0,1900.0,1351.15,21.368844142816897,1309.0,1395.0,86.0,1347.5,1395.0,1366.0,-29.0,-1.5263157894736843,12.789473684210526,51.0,0.0,0.48828125,0.0,0.48828125,0.48828125,0.0,0.48828125,0.48828125,0.48828125,0.0,0.0,0.0,0.0,1.0,0.0,0.0,0.0,0.0,0.0,0.0,0.0,0.0,0.0,0.0,0.0,0.0,1.0,12.800000000000002,1.7763568394002505e-15,12.8,12.8,0.0,12.8,12.8,12.8,0.0,0.0,0.0,0.0,1.0,33.0,0.0,33.0,33.0,0.0,33.0,33.0,33.0,0.0,0.0,0.0,0.0,1.0,52.0,0.0,52.0,52.0,0.0,52.0,52.0,52.0,0.0,0.0,0.0,0.0,1.0,89.0,0.0,89.0,89.0,0.0,89.0,89.0,89.0,0.0,0.0,0.0,0.0,1.0,0.0,0.0,0.0,0.0,2767.1552
40,200,219,20,0.0,0.0,1900.0,1346.2,20.558696456730907,1309.0,1383.0,74.0,1342.5,1342.0,1327.0,-15.0,-0.7894736842105263,13.31578947368421,51.0,0.0,0.48828125,0.0,0.48828125,0.48828125,0.0,0.48828125,0.48828125,0.48828125,0.0,0.0,0.0,0.0,1.0,0.0,0.0,0.0,0.0,0.0,0.0,0.0,0.0,0.0,0.0,0.0,0.0,1.0,12.800000000000002,1.7763568394002505e-15,12.8,12.8,0.0,12.8,12.8,12.8,0.0,0.0,0.0,0.0,1.0,33.0,0.0,33.0,33.0,0.0,33.0,33.0,33.0,0.0,0.0,0.0,0.0,1.0,52.0,0.0,52.0,52.0,0.0,52.0,52.0,52.0,0.0,0.0,0.0,0.0,1.0,89.0,0.0,89.0,89.0,0.0,89.0,89.0,89.0,0.0,0.0,0.0,0.0,1.0,0.0,0.0,0.0,0.0,2757.0176
41,205,224,20,0.0,0.0,1900.0,1344.0,22.777181564012697,1308.0,1383.0,75.0,1339.0,1309.0,1367.0,58.0,3.0526315789473686,14.31578947368421,51.0,0.0,0.48828125,0.0,0.48828125,0.48828125,0.0,0.48828125,0.48828125,0.48828125,0.0,0.0,0.0,0.0,1.0,0.0,0.0,0.0,0.0,0.0,0.0,0.0,0.0,0.0,0.0,0.0,0.0,1.0,12.800000000000002,1.7763568394002505e-15,12.8,12.8,0.0,12.8,12.8,12.8,0.0,0.0,0.0,0.0,1.0,33.0,0.0,33.0,33.0,0.0,33.0,33.0,33.0,0.0,0.0,0.0,0.0,1.0,52.0,0.0,52.0,52.0,0.0,52.0,52.0,52.0,0.0,0.0,0.0,0.0,1.0,89.0,0.0,89.0,89.0,0.0,89.0,89.0,89.0,0.0,0.0,0.0,0.0,1.0,0.0,0.0,0.0,0.0,2752.512
42,210,229,20,0.0,0.0,1900.0,1351.75,21.53108218367112,1308.0,1383.0,75.0,1351.0,1332.0,1355.0,23.0,1.2105263157894737,13.31578947368421,51.0,0.0,0.48828125,0.0,0.48828125,0.48828125,0.0,0.48828125,0.48828125,0.48828125,0.0,0.0,0.0,0.0,1.0,0.0,0.0,0.0,0.0,0.0,0.0,0.0,0.0,0.0,0.0,0.0,0.0,1.0,12.800000000000002,1.7763568394002505e-15,12.8,12.8,0.0,12.8,12.8,12.8,0.0,0.0,0.0,0.0,1.0,33.0,0.0,33.0,33.0,0.0,33.0,33.0,33.0,0.0,0.0,0.0,0.0,1.0,52.0,0.0,52.0,52.0,0.0,52.0,52.0,52.0,0.0,0.0,0.0,0.0,1.0,89.0,0.0,89.0,89.0,0.0,89.0,89.0,89.0,0.0,0.0,0.0,0.0,1.0,0.0,0.0,0.0,0.0,2768.384
43,215,234,20,0.0,0.0,1900.0,1351.65,19.657759282278334,1308.0,1380.0,72.0,1353.0,1380.0,1375.0,-5.0,-0.2631578947368421,10.68421052631579,34.0,0.0,0.48828125,0.0,0.48828125,0.48828125,0.0,0.48828125,0.48828125,0.48828125,0.0,0.0,0.0,0.0,1.0,0.0,0.0,0.0,0.0,0.0,0.0,0.0,0.0,0.0,0.0,0.0,0.0,1.0,12.800000000000002,1.7763568394002505e-15,12.8,12.8,0.0,12.8,12.8,12.8,0.0,0.0,0.0,0.0,1.0,33.0,0.0,33.0,33.0,0.0,33.0,33.0,33.0,0.0,0.0,0.0,0.0,1.0,52.0,0.0,52.0,52.0,0.0,52.0,52.0,52.0,0.0,0.0,0.0,0.0,1.0,89.0,0.0,89.0,89.0,0.0,89.0,89.0,89.0,0.0,0.0,0.0,0.0,1.0,0.0,0.0,0.0,0.0,2768.1792
44,220,239,20,0.0,0.0,1900.0,1364.85,25.038520323693252,1308.0,1409.0,101.0,1367.0,1308.0,1409.0,101.0,5.315789473684211,9.0,25.0,0.0,0.48828125,0.0,0.48828125,0.48828125,0.0,0.48828125,0.48828125,0.48828125,0.0,0.0,0.0,0.0,1.0,0.0,0.0,0.0,0.0,0.0,0.0,0.0,0.0,0.0,0.0,0.0,0.0,1.0,12.800000000000002,1.7763568394002505e-15,12.8,12.8,0.0,12.8,12.8,12.8,0.0,0.0,0.0,0.0,1.0,33.0,0.0,33.0,33.0,0.0,33.0,33.0,33.0,0.0,0.0,0.0,0.0,1.0,52.0,0.0,52.0,52.0,0.0,52.0,52.0,52.0,0.0,0.0,0.0,0.0,1.0,89.0,0.0,89.0,89.0,0.0,89.0,89.0,89.0,0.0,0.0,0.0,0.0,1.0,0.0,0.0,0.0,0.0,2795.2128
45,225,244,20,0.0,0.0,1900.0,1374.45,18.786897029578885,1351.0,1409.0,58.0,1371.0,1377.0,1363.0,-14.0,-0.7368421052631579,8.210526315789474,25.0,0.0,0.48828125,0.0,0.48828125,0.48828125,0.0,0.48828125,0.48828125,0.48828125,0.0,0.0,0.0,0.0,1.0,0.0,0.0,0.0,0.0,0.0,0.0,0.0,0.0,0.0,0.0,0.0,0.0,1.0,12.800000000000002,1.7763568394002505e-15,12.8,12.8,0.0,12.8,12.8,12.8,0.0,0.0,0.0,0.0,1.0,33.0,0.0,33.0,33.0,0.0,33.0,33.0,33.0,0.0,0.0,0.0,0.0,1.0,52.0,0.0,52.0,52.0,0.0,52.0,52.0,52.0,0.0,0.0,0.0,0.0,1.0,89.0,0.0,89.0,89.0,0.0,89.0,89.0,89.0,0.0,0.0,0.0,0.0,1.0,0.0,0.0,0.0,0.0,2814.8736
46,230,249,20,0.0,0.0,1900.0,1367.15,28.862215784655206,1313.0,1409.0,96.0,1371.0,1362.0,1313.0,-49.0,-2.5789473684210527,9.736842105263158,32.0,0.0,0.48828125,0.0,0.48828125,0.48828125,0.0,0.48828125,0.48828125,0.48828125,0.0,0.0,0.0,0.0,1.0,0.0,0.0,0.0,0.0,0.0,0.0,0.0,0.0,0.0,0.0,0.0,0.0,1.0,12.800000000000002,1.7763568394002505e-15,12.8,12.8,0.0,12.8,12.8,12.8,0.0,0.0,0.0,0.0,1.0,33.0,0.0,33.0,33.0,0.0,33.0,33.0,33.0,0.0,0.0,0.0,0.0,1.0,52.0,0.0,52.0,52.0,0.0,52.0,52.0,52.0,0.0,0.0,0.0,0.0,1.0,89.0,0.0,89.0,89.0,0.0,89.0,89.0,89.0,0.0,0.0,0.0,0.0,1.0,0.0,0.0,0.0,0.0,2799.9232
47,235,254,20,0.0,0.0,1900.0,1362.0,30.380915061926625,1313.0,1409.0,96.0,1361.0,1372.0,1357.0,-15.0,-0.7894736842105263,11.31578947368421,32.0,0.0,0.48828125,0.0,0.48828125,0.48828125,0.0,0.48828125,0.48828125,0.48828125,0.0,0.0,0.0,0.0,1.0,0.0,0.0,0.0,0.0,0.0,0.0,0.0,0.0,0.0,0.0,0.0,0.0,1.0,12.800000000000002,1.7763568394002505e-15,12.8,12.8,0.0,12.8,12.8,12.8,0.0,0.0,0.0,0.0,1.0,33.0,0.0,33.0,33.0,0.0,33.0,33.0,33.0,0.0,0.0,0.0,0.0,1.0,52.0,0.0,52.0,52.0,0.0,52.0,52.0,52.0,0.0,0.0,0.0,0.0,1.0,89.0,0.0,89.0,89.0,0.0,89.0,89.0,89.0,0.0,0.0,0.0,0.0,1.0,0.0,0.0,0.0,0.0,2789.376
48,240,259,20,0.0,0.0,1900.0,1343.85,25.624743901159288,1313.0,1408.0,95.0,1342.0,1408.0,1319.0,-89.0,-4.684210526315789,11.526315789473685,32.0,0.0,0.48828125,0.0,0.48828125,0.48828125,0.0,0.48828125,0.48828125,0.48828125,0.0,0.0,0.0,0.0,1.0,0.0,0.0,0.0,0.0,0.0,0.0,0.0,0.0,0.0,0.0,0.0,0.0,1.0,12.800000000000002,1.7763568394002505e-15,12.8,12.8,0.0,12.8,12.8,12.8,0.0,0.0,0.0,0.0,1.0,33.0,0.0,33.0,33.0,0.0,33.0,33.0,33.0,0.0,0.0,0.0,0.0,1.0,52.0,0.0,52.0,52.0,0.0,52.0,52.0,52.0,0.0,0.0,0.0,0.0,1.0,89.0,0.0,89.0,89.0,0.0,89.0,89.0,89.0,0.0,0.0,0.0,0.0,1.0,0.0,0.0,0.0,0.0,2752.2048
49,245,264,20,0.0,0.0,1900.0,1331.25,16.272292401502625,1313.0,1371.0,58.0,1327.0,1371.0,1331.0,-40.0,-2.1052631578947367,9.789473684210526,32.0,0.0,0.48828125,0.0,0.48828125,0.48828125,0.0,0.48828125,0.48828125,0.48828125,0.0,0.0,0.0,0.0,1.0,0.0,0.0,0.0,0.0,0.0,0.0,0.0,0.0,0.0,0.0,0.0,0.0,1.0,12.800000000000002,1.7763568394002505e-15,12.8,12.8,0.0,12.8,12.8,12.8,0.0,0.0,0.0,0.0,1.0,33.0,0.0,33.0,33.0,0.0,33.0,33.0,33.0,0.0,0.0,0.0,0.0,1.0,52.0,0.0,52.0,52.0,0.0,52.0,52.0,52.0,0.0,0.0,0.0,0.0,1.0,89.0,0.0,89.0,89.0,0.0,89.0,89.0,89.0,0.0,0.0,0.0,0.0,1.0,0.0,0.0,0.0,0.0,2726.4
50,250,269,20,0.0,0.0,1900.0,1325.65,17.467899129546172,1282.0,1357.0,75.0,1324.5,1341.0,1282.0,-59.0,-3.1052631578947367,8.789473684210526,32.0,0.0,0.48828125,0.0,0.48828125,0.48828125,0.0,0.48828125,0.48828125,0.48828125,0.0,0.0,0.0,0.0,1.0,0.0,0.0,0.0,0.0,0.0,0.0,0.0,0.0,0.0,0.0,0.0,0.0,1.0,12.800000000000002,1.7763568394002505e-15,12.8,12.8,0.0,12.8,12.8,12.8,0.0,0.0,0.0,0.0,1.0,33.0,0.0,33.0,33.0,0.0,33.0,33.0,33.0,0.0,0.0,0.0,0.0,1.0,52.0,0.0,52.0,52.0,0.0,52.0,52.0,52.0,0.0,0.0,0.0,0.0,1.0,89.0,0.0,89.0,89.0,0.0,89.0,89.0,89.0,0.0,0.0,0.0,0.0,1.0,0.0,0.0,0.0,0.0,2714.9312
51,255,274,20,0.0,0.0,1900.0,1313.25,24.94969939698673,1240.0,1351.0,111.0,1318.0,1336.0,1351.0,15.0,0.7894736842105263,14.157894736842104,91.0,0.0,0.48828125,0.0,0.48828125,0.48828125,0.0,0.48828125,0.48828125,0.48828125,0.0,0.0,0.0,0.0,1.0,0.0,0.0,0.0,0.0,0.0,0.0,0.0,0.0,0.0,0.0,0.0,0.0,1.0,12.800000000000002,1.7763568394002505e-15,12.8,12.8,0.0,12.8,12.8,12.8,0.0,0.0,0.0,0.0,1.0,33.0,0.0,33.0,33.0,0.0,33.0,33.0,33.0,0.0,0.0,0.0,0.0,1.0,52.0,0.0,52.0,52.0,0.0,52.0,52.0,52.0,0.0,0.0,0.0,0.0,1.0,89.0,0.0,89.0,89.0,0.0,89.0,89.0,89.0,0.0,0.0,0.0,0.0,1.0,0.0,0.0,0.0,0.0,2689.536
52,260,279,20,0.0,0.0,1900.0,1318.1,29.705050075702612,1240.0,1358.0,118.0,1324.0,1316.0,1346.0,30.0,1.5789473684210527,19.36842105263158,91.0,0.0,0.48828125,0.0,0.48828125,0.48828125,0.0,0.48828125,0.48828125,0.48828125,0.0,0.0,0.0,0.0,1.0,0.0,0.0,0.0,0.0,0.0,0.0,0.0,0.0,0.0,0.0,0.0,0.0,1.0,12.800000000000002,1.7763568394002505e-15,12.8,12.8,0.0,12.8,12.8,12.8,0.0,0.0,0.0,0.0,1.0,33.0,0.0,33.0,33.0,0.0,33.0,33.0,33.0,0.0,0.0,0.0,0.0,1.0,52.0,0.0,52.0,52.0,0.0,52.0,52.0,52.0,0.0,0.0,0.0,0.0,1.0,89.0,0.0,89.0,89.0,0.0,89.0,89.0,89.0,0.0,0.0,0.0,0.0,1.0,0.0,0.0,0.0,0.0,2699.4687999999996
53,265,284,20,0.0,0.0,1900.0,1323.7,36.07090240068856,1240.0,1368.0,128.0,1335.0,1339.0,1285.0,-54.0,-2.8421052631578947,23.157894736842106,91.0,0.0,0.48828125,0.0,0.48828125,0.48828125,0.0,0.48828125,0.48828125,0.48828125,0.0,0.0,0.0,0.0,1.0,0.0,0.0,0.0,0.0,0.0,0.0,0.0,0.0,0.0,0.0,0.0,0.0,1.0,12.800000000000002,1.7763568394002505e-15,12.8,12.8,0.0,12.8,12.8,12.8,0.0,0.0,0.0,0.0,1.0,33.0,0.0,33.0,33.0,0.0,33.0,33.0,33.0,0.0,0.0,0.0,0.0,1.0,52.0,0.0,52.0,52.0,0.0,52.0,52.0,52.0,0.0,0.0,0.0,0.0,1.0,89.0,0.0,89.0,89.0,0.0,89.0,89.0,89.0,0.0,0.0,0.0,0.0,1.0,0.0,0.0,0.0,0.0,2710.9376
54,270,289,20,0.0,0.0,1900.0,1328.5,34.106451002706216,1240.0,1368.0,128.0,1336.0,1281.0,1312.0,31.0,1.631578947368421,23.94736842105263,91.0,0.0,0.48828125,0.0,0.48828125,0.48828125,0.0,0.48828125,0.48828125,0.48828125,0.0,0.0,0.0,0.0,1.0,0.0,0.0,0.0,0.0,0.0,0.0,0.0,0.0,0.0,0.0,0.0,0.0,1.0,12.800000000000002,1.7763568394002505e-15,12.8,12.8,0.0,12.8,12.8,12.8,0.0,0.0,0.0,0.0,1.0,33.0,0.0,33.0,33.0,0.0,33.0,33.0,33.0,0.0,0.0,0.0,0.0,1.0,52.0,0.0,52.0,52.0,0.0,52.0,52.0,52.0,0.0,0.0,0.0,0.0,1.0,89.0,0.0,89.0,89.0,0.0,89.0,89.0,89.0,0.0,0.0,0.0,0.0,1.0,0.0,0.0,0.0,0.0,2720.768
55,275,294,20,0.0,0.0,1900.0,1341.45,22.071418169206982,1285.0,1368.0,83.0,1349.5,1353.0,1327.0,-26.0,-1.368421052631579,20.31578947368421,63.0,0.0,0.48828125,0.0,0.48828125,0.48828125,0.0,0.48828125,0.48828125,0.48828125,0.0,0.0,0.0,0.0,1.0,0.0,0.0,0.0,0.0,0.0,0.0,0.0,0.0,0.0,0.0,0.0,0.0,1.0,12.800000000000002,1.7763568394002505e-15,12.8,12.8,0.0,12.8,12.8,12.8,0.0,0.0,0.0,0.0,1.0,33.0,0.0,33.0,33.0,0.0,33.0,33.0,33.0,0.0,0.0,0.0,0.0,1.0,51.9,0.3,51.0,52.0,1.0,52.0,52.0,51.0,-1.0,-0.05263157894736842,0.05263157894736842,1.0,0.0,89.1,0.3,89.0,90.0,1.0,89.0,89.0,90.0,1.0,0.05263157894736842,0.05263157894736842,1.0,0.0,0.0,0.0,-0.02944985206736057,0.0,2747.2896
56,280,299,20,0.0,0.0,1900.0,1343.25,24.111978351018816,1285.0,1382.0,97.0,1349.5,1368.0,1382.0,14.0,0.7368421052631579,20.105263157894736,66.0,0.0,0.48828125,0.0,0.48828125,0.48828125,0.0,0.48828125,0.48828125,0.48828125,0.0,0.0,0.0,0.0,1.0,0.0,0.0,0.0,0.0,0.0,0.0,0.0,0.0,0.0,0.0,0.0,0.0,1.0,12.800000000000002,1.7763568394002505e-15,12.8,12.8,0.0,12.8,12.8,12.8,0.0,0.0,0.0,0.0,1.0,33.0,0.0,33.0,33.0,0.0,33.0,33.0,33.0,0.0,0.0,0.0,0.0,1.0,51.65,0.4769696007084729,51.0,52.0,1.0,52.0,52.0,51.0,-1.0,-0.05263157894736842,0.05263157894736842,1.0,0.0,89.35,0.47696960070847283,89.0,90.0,1.0,89.0,89.0,90.0,1.0,0.05263157894736842,0.05263157894736842,1.0,0.0,0.0,0.0,0.10108097352681461,0.0,2750.976
57,285,304,20,0.0,0.0,1900.0,1339.4,22.541960873003042,1298.0,1382.0,84.0,1336.0,1336.0,1298.0,-38.0,-2.0,18.63157894736842,66.0,0.0,0.48828125,0.0,0.48828125,0.48828125,0.0,0.48828125,0.48828125,0.48828125,0.0,0.0,0.0,0.0,1.0,0.0,0.0,0.0,0.0,0.0,0.0,0.0,0.0,0.0,0.0,0.0,0.0,1.0,12.800000000000002,1.7763568394002505e-15,12.8,12.8,0.0,12.8,12.8,12.8,0.0,0.0,0.0,0.0,1.0,33.0,0.0,33.0,33.0,0.0,33.0,33.0,33.0,0.0,0.0,0.0,0.0,1.0,51.4,0.4898979485566357,51.0,52.0,1.0,51.0,52.0,51.0,-1.0,-0.05263157894736842,0.05263157894736842,1.0,0.0,89.6,0.4898979485566356,89.0,90.0,1.0,90.0,89.0,90.0,1.0,0.05263157894736842,0.05263157894736842,1.0,0.0,0.0,0.0,0.05523731022912122,0.0,2743.0912000000003
58,290,309,20,0.0,0.0,1900.0,1340.0,23.792856070678024,1298.0,1382.0,84.0,1348.0,1351.0,1334.0,-17.0,-0.8947368421052632,21.526315789473685,66.0,0.0,0.48828125,0.0,0.48828125,0.48828125,0.0,0.48828125,0.48828125,0.48828125,0.0,0.0,0.0,0.0,1.0,0.0,0.0,0.0,0.0,0.0,0.0,0.0,0.0,0.0,0.0,0.0,0.0,1.0,12.800000000000002,1.7763568394002505e-15,12.8,12.8,0.0,12.8,12.8,12.8,0.0,0.0,0.0,0.0,1.0,33.0,0.0,33.0,33.0,0.0,33.0,33.0,33.0,0.0,0.0,0.0,0.0,1.0,51.15,0.3570714214271425,51.0,52.0,1.0,51.0,52.0,51.0,-1.0,-0.05263157894736842,0.05263157894736842,1.0,0.0,89.85,0.3570714214271425,89.0,90.0,1.0,90.0,89.0,90.0,1.0,0.05263157894736842,0.05263157894736842,1.0,0.0,0.0,0.0,-0.25895303831624733,0.0,2744.32
59,295,314,20,0.0,0.0,1900.0,1337.35,23.03969400838475,1298.0,1382.0,84.0,1334.0,1327.0,1330.0,3.0,0.15789473684210525,23.105263157894736,66.0,0.0,0.48828125,0.0,0.48828125,0.48828125,0.0,0.48828125,0.48828125,0.48828125,0.0,0.0,0.0,0.0,1.0,0.0,0.0,0.0,0.0,0.0,0.0,0.0,0.0,0.0,0.0,0.0,0.0,1.0,12.800000000000002,1.7763568394002505e-15,12.8,12.8,0.0,12.8,12.8,12.8,0.0,0.0,0.0,0.0,1.0,33.0,0.0,33.0,33.0,0.0,33.0,33.0,33.0,0.0,0.0,0.0,0.0,1.0,51.0,0.0,51.0,51.0,0.0,51.0,51.0,51.0,0.0,0.0,0.0,0.0,1.0,90.0,0.0,90.0,90.0,0.0,90.0,90.0,90.0,0.0,0.0,0.0,0.0,1.0,0.0,0.0,0.0,0.0,2738.8927999999996
60,300,319,20,0.0,0.0,1900.0,1338.65,24.28224660116934,1298.0,1392.0,94.0,1334.0,1362.0,1392.0,30.0,1.5789473684210527,20.63157894736842,66.0,0.0,0.48828125,0.0,0.48828125,0.48828125,0.0,0.48828125,0.48828125,0.48828125,0.0,0.0,0.0,0.0,1.0,0.0,0.0,0.0,0.0,0.0,0.0,0.0,0.0,0.0,0.0,0.0,0.0,1.0,12.800000000000002,1.7763568394002505e-15,12.8,12.8,0.0,12.8,12.8,12.8,0.0,0.0,0.0,0.0,1.0,33.0,0.0,33.0,33.0,0.0,33.0,33.0,33.0,0.0,0.0,0.0,0.0,1.0,51.0,0.0,51.0,51.0,0.0,51.0,51.0,51.0,0.0,0.0,0.0,0.0,1.0,90.0,0.0,90.0,90.0,0.0,90.0,90.0,90.0,0.0,0.0,0.0,0.0,1.0,0.0,0.0,0.0,0.0,2741.5552000000002
61,305,324,20,0.0,0.0,1900.0,1342.45,24.739593771927623,1298.0,1392.0,94.0,1334.0,1298.0,1319.0,21.0,1.105263157894737,20.789473684210527,66.0,0.0,0.48828125,0.0,0.48828125,0.48828125,0.0,0.48828125,0.48828125,0.48828125,0.0,0.0,0.0,0.0,1.0,0.0,0.0,0.0,0.0,0.0,0.0,0.0,0.0,0.0,0.0,0.0,0.0,1.0,12.800000000000002,1.7763568394002505e-15,12.8,12.8,0.0,12.8,12.8,12.8,0.0,0.0,0.0,0.0,1.0,33.0,0.0,33.0,33.0,0.0,33.0,33.0,33.0,0.0,0.0,0.0,0.0,1.0,51.0,0.0,51.0,51.0,0.0,51.0,51.0,51.0,0.0,0.0,0.0,0.0,1.0,90.0,0.0,90.0,90.0,0.0,90.0,90.0,90.0,0.0,0.0,0.0,0.0,1.0,0.0,0.0,0.0,0.0,2749.3376000000003
62,310,329,20,0.0,0.0,1900.0,1346.8,23.789913829183995,1319.0,1392.0,73.0,1339.5,1334.0,1359.0,25.0,1.3157894736842106,18.263157894736842,66.0,0.0,0.48828125,0.0,0.48828125,0.48828125,0.0,0.48828125,0.48828125,0.48828125,0.0,0.0,0.0,0.0,1.0,0.0,0.0,0.0,0.0,0.0,0.0,0.0,0.0,0.0,0.0,0.0,0.0,1.0,12.800000000000002,1.7763568394002505e-15,12.8,12.8,0.0,12.8,12.8,12.8,0.0,0.0,0.0,0.0,1.0,33.0,0.0,33.0,33.0,0.0,33.0,33.0,33.0,0.0,0.0,0.0,0.0,1.0,51.0,0.0,51.0,51.0,0.0,51.0,51.0,51.0,0.0,0.0,0.0,0.0,1.0,90.0,0.0,90.0,90.0,0.0,90.0,90.0,90.0,0.0,0.0,0.0,0.0,1.0,0.0,0.0,0.0,0.0,2758.2464
63,315,334,20,0.0,0.0,1900.0,1352.05,23.277618005285678,1319.0,1392.0,73.0,1355.5,1330.0,1349.0,19.0,1.0,16.05263157894737,66.0,0.0,0.48828125,0.0,0.48828125,0.48828125,0.0,0.48828125,0.48828125,0.48828125,0.0,0.0,0.0,0.0,1.0,0.0,0.0,0.0,0.0,0.0,0.0,0.0,0.0,0.0,0.0,0.0,0.0,1.0,12.800000000000002,1.7763568394002505e-15,12.8,12.8,0.0,12.8,12.8,12.8,0.0,0.0,0.0,0.0,1.0,33.0,0.0,33.0,33.0,0.0,33.0,33.0,33.0,0.0,0.0,0.0,0.0,1.0,51.0,0.0,51.0,51.0,0.0,51.0,51.0,51.0,0.0,0.0,0.0,0.0,1.0,90.0,0.0,90.0,90.0,0.0,90.0,90.0,90.0,0.0,0.0,0.0,0.0,1.0,0.0,0.0,0.0,0.0,2768.9984
64,320,339,20,0.0,0.0,1900.0,1342.2,26.21564418434153,1294.0,1392.0,98.0,1349.0,1392.0,1300.0,-92.0,-4.842105263157895,13.368421052631579,44.0,0.0,0.48828125,0.0,0.48828125,0.48828125,0.0,0.48828125,0.48828125,0.48828125,0.0,0.0,0.0,0.0,1.0,0.0,0.0,0.0,0.0,0.0,0.0,0.0,0.0,0.0,0.0,0.0,0.0,1.0,12.800000000000002,1.7763568394002505e-15,12.8,12.8,0.0,12.8,12.8,12.8,0.0,0.0,0.0,0.0,1.0,33.0,0.0,33.0,33.0,0.0,33.0,33.0,33.0,0.0,0.0,0.0,0.0,1.0,51.0,0.0,51.0,51.0,0.0,51.0,51.0,51.0,0.0,0.0,0.0,0.0,1.0,90.0,0.0,90.0,90.0,0.0,90.0,90.0,90.0,0.0,0.0,0.0,0.0,1.0,0.0,0.0,0.0,0.0,2748.8256
65,325,344,20,0.0,0.0,1900.0,1341.5,27.07674278786132,1287.0,1374.0,87.0,1351.0,1319.0,1367.0,48.0,2.526315789473684,13.68421052631579,45.0,0.0,0.48828125,0.0,0.48828125,0.48828125,0.0,0.48828125,0.48828125,0.48828125,0.0,0.0,0.0,0.0,1.0,0.0,0.0,0.0,0.0,0.0,0.0,0.0,0.0,0.0,0.0,0.0,0.0,1.0,12.800000000000002,1.7763568394002505e-15,12.8,12.8,0.0,12.8,12.8,12.8,0.0,0.0,0.0,0.0,1.0,33.0,0.0,33.0,33.0,0.0,33.0,33.0,33.0,0.0,0.0,0.0,0.0,1.0,51.0,0.0,51.0,51.0,0.0,51.0,51.0,51.0,0.0,0.0,0.0,0.0,1.0,90.0,0.0,90.0,90.0,0.0,90.0,90.0,90.0,0.0,0.0,0.0,0.0,1.0,0.0,0.0,0.0,0.0,2747.392
66,330,349,20,0.0,0.0,1900.0,1344.1,28.110318390228166,1287.0,1373.0,86.0,1355.5,1359.0,1373.0,14.0,0.7368421052631579,16.94736842105263,49.0,0.0,0.48828125,0.0,0.48828125,0.48828125,0.0,0.48828125,0.48828125,0.48828125,0.0,0.0,0.0,0.0,1.0,0.0,0.0,0.0,0.0,0.0,0.0,0.0,0.0,0.0,0.0,0.0,0.0,1.0,12.800000000000002,1.7763568394002505e-15,12.8,12.8,0.0,12.8,12.8,12.8,0.0,0.0,0.0,0.0,1.0,33.0,0.0,33.0,33.0,0.0,33.0,33.0,33.0,0.0,0.0,0.0,0.0,1.0,51.0,0.0,51.0,51.0,0.0,51.0,51.0,51.0,0.0,0.0,0.0,0.0,1.0,90.0,0.0,90.0,90.0,0.0,90.0,90.0,90.0,0.0,0.0,0.0,0.0,1.0,0.0,0.0,0.0,0.0,2752.7167999999997
67,335,354,20,0.0,0.0,1900.0,1343.6,27.991784509030502,1287.0,1373.0,86.0,1351.0,1349.0,1350.0,1.0,0.05263157894736842,16.36842105263158,49.0,0.0,0.48828125,0.0,0.48828125,0.48828125,0.0,0.48828125,0.48828125,0.48828125,0.0,0.0,0.0,0.0,1.0,0.0,0.0,0.0,0.0,0.0,0.0,0.0,0.0,0.0,0.0,0.0,0.0,1.0,12.800000000000002,1.7763568394002505e-15,12.8,12.8,0.0,12.8,12.8,12.8,0.0,0.0,0.0,0.0,1.0,33.0,0.0,33.0,33.0,0.0,33.0,33.0,33.0,0.0,0.0,0.0,0.0,1.0,51.0,0.0,51.0,51.0,0.0,51.0,51.0,51.0,0.0,0.0,0.0,0.0,1.0,90.0,0.0,90.0,90.0,0.0,90.0,90.0,90.0,0.0,0.0,0.0,0.0,1.0,0.0,0.0,0.0,0.0,2751.6928
68,340,359,20,0.0,0.0,1900.0,1345.9,23.68733838995002,1287.0,1373.0,86.0,1351.0,1287.0,1330.0,43.0,2.263157894736842,15.421052631578947,49.0,0.0,0.48828125,0.0,0.48828125,0.48828125,0.0,0.48828125,0.48828125,0.48828125,0.0,0.0,0.0,0.0,1.0,0.0,0.0,0.0,0.0,0.0,0.0,0.0,0.0,0.0,0.0,0.0,0.0,1.0,12.800000000000002,1.7763568394002505e-15,12.8,12.8,0.0,12.8,12.8,12.8,0.0,0.0,0.0,0.0,1.0,33.0,0.0,33.0,33.0,0.0,33.0,33.0,33.0,0.0,0.0,0.0,0.0,1.0,51.0,0.0,51.0,51.0,0.0,51.0,51.0,51.0,0.0,0.0,0.0,0.0,1.0,90.0,0.0,90.0,90.0,0.0,90.0,90.0,90.0,0.0,0.0,0.0,0.0,1.0,0.0,0.0,0.0,0.0,2756.4032
69,345,364,20,0.0,0.0,1900.0,1338.5,25.158497570403526,1283.0,1373.0,90.0,1340.0,1321.0,1352.0,31.0,1.631578947368421,16.894736842105264,49.0,0.0,0.48828125,0.0,0.48828125,0.48828125,0.0,0.48828125,0.48828125,0.48828125,0.0,0.0,0.0,0.0,1.0,0.0,0.0,0.0,0.0,0.0,0.0,0.0,0.0,0.0,0.0,0.0,0.0,1.0,12.800000000000002,1.7763568394002505e-15,12.8,12.8,0.0,12.8,12.8,12.8,0.0,0.0,0.0,0.0,1.0,33.0,0.0,33.0,33.0,0.0,33.0,33.0,33.0,0.0,0.0,0.0,0.0,1.0,51.0,0.0,51.0,51.0,0.0,51.0,51.0,51.0,0.0,0.0,0.0,0.0,1.0,90.0,0.0,90.0,90.0,0.0,90.0,90.0,90.0,0.0,0.0,0.0,0.0,1.0,0.0,0.0,0.0,0.0,2741.248
70,350,369,20,0.0,0.0,1900.0,1335.95,22.34832208466667,1283.0,1369.0,86.0,1335.0,1369.0,1361.0,-8.0,-0.42105263157894735,17.157894736842106,47.0,0.0,0.48828125,0.0,0.48828125,0.48828125,0.0,0.48828125,0.48828125,0.48828125,0.0,0.0,0.0,0.0,1.0,0.0,0.0,0.0,0.0,0.0,0.0,0.0,0.0,0.0,0.0,0.0,0.0,1.0,12.800000000000002,1.7763568394002505e-15,12.8,12.8,0.0,12.8,12.8,12.8,0.0,0.0,0.0,0.0,1.0,33.0,0.0,33.0,33.0,0.0,33.0,33.0,33.0,0.0,0.0,0.0,0.0,1.0,51.0,0.0,51.0,51.0,0.0,51.0,51.0,51.0,0.0,0.0,0.0,0.0,1.0,90.0,0.0,90.0,90.0,0.0,90.0,90.0,90.0,0.0,0.0,0.0,0.0,1.0,0.0,0.0,0.0,0.0,2736.0256
71,355,374,20,0.0,0.0,1900.0,1334.95,21.839127729833898,1283.0,1375.0,92.0,1335.0,1325.0,1353.0,28.0,1.4736842105263157,19.05263157894737,47.0,0.0,0.48828125,0.0,0.48828125,0.48828125,0.0,0.48828125,0.48828125,0.48828125,0.0,0.0,0.0,0.0,1.0,0.0,0.0,0.0,0.0,0.0,0.0,0.0,0.0,0.0,0.0,0.0,0.0,1.0,12.800000000000002,1.7763568394002505e-15,12.8,12.8,0.0,12.8,12.8,12.8,0.0,0.0,0.0,0.0,1.0,33.0,0.0,33.0,33.0,0.0,33.0,33.0,33.0,0.0,0.0,0.0,0.0,1.0,50.95,0.21794494717703367,50.0,51.0,1.0,51.0,51.0,50.0,-1.0,-0.05263157894736842,0.05263157894736842,1.0,0.0,90.0,0.0,90.0,90.0,0.0,90.0,90.0,90.0,0.0,0.0,0.0,0.0,1.0,0.0,0.0,0.0,0.0,2733.9776
72,360,379,20,0.0,0.0,1900.0,1335.95,23.3762165458827,1283.0,1375.0,92.0,1340.5,1283.0,1355.0,72.0,3.789473684210526,22.63157894736842,58.0,0.0,0.48828125,0.0,0.48828125,0.48828125,0.0,0.48828125,0.48828125,0.48828125,0.0,0.0,0.0,0.0,1.0,0.0,0.0,0.0,0.0,0.0,0.0,0.0,0.0,0.0,0.0,0.0,0.0,1.0,12.800000000000002,1.7763568394002505e-15,12.8,12.8,0.0,12.8,12.8,12.8,0.0,0.0,0.0,0.0,1.0,33.0,0.0,33.0,33.0,0.0,33.0,33.0,33.0,0.0,0.0,0.0,0.0,1.0,50.75,0.4330127018922193,50.0,51.0,1.0,51.0,51.0,50.0,-1.0,-0.05263157894736842,0.15789473684210525,1.0,0.0,90.0,0.0,90.0,90.0,0.0,90.0,90.0,90.0,0.0,0.0,0.0,0.0,1.0,0.0,0.0,0.0,0.0,2736.0256
73,365,384,20,0.0,0.0,1900.0,1345.85,19.311330870760823,1295.0,1375.0,80.0,1346.0,1341.0,1347.0,6.0,0.3157894736842105,22.42105263157895,58.0,0.0,0.48828125,0.0,0.48828125,0.48828125,0.0,0.48828125,0.48828125,0.48828125,0.0,0.0,0.0,0.0,1.0,0.0,0.0,0.0,0.0,0.0,0.0,0.0,0.0,0.0,0.0,0.0,0.0,1.0,12.800000000000002,1.7763568394002505e-15,12.8,12.8,0.0,12.8,12.8,12.8,0.0,0.0,0.0,0.0,1.0,33.0,0.0,33.0,33.0,0.0,33.0,33.0,33.0,0.0,0.0,0.0,0.0,1.0,50.5,0.5,50.0,51.0,1.0,50.5,51.0,50.0,-1.0,-0.05263157894736842,0.15789473684210525,1.0,0.0,90.0,0.0,90.0,90.0,0.0,90.0,90.0,90.0,0.0,0.0,0.0,0.0,1.0,0.0,0.0,0.0,0.0,2756.3008
74,370,389,20,0.0,0.0,1900.0,1347.3,18.740597642551315,1295.0,1375.0,80.0,1350.0,1347.0,1356.0,9.0,0.47368421052631576,18.894736842105264,58.0,0.0,0.48828125,0.0,0.48828125,0.48828125,0.0,0.48828125,0.48828125,0.48828125,0.0,0.0,0.0,0.0,1.0,0.0,0.0,0.0,0.0,0.0,0.0,0.0,0.0,0.0,0.0,0.0,0.0,1.0,12.800000000000002,1.7763568394002505e-15,12.8,12.8,0.0,12.8,12.8,12.8,0.0,0.0,0.0,0.0,1.0,33.0,0.0,33.0,33.0,0.0,33.0,33.0,33.0,0.0,0.0,0.0,0.0,1.0,50.25,0.4330127018922193,50.0,51.0,1.0,50.0,51.0,50.0,-1.0,-0.05263157894736842,0.15789473684210525,1.0,0.0,90.0,0.0,90.0,90.0,0.0,90.0,90.0,90.0,0.0,0.0,0.0,0.0,1.0,0.0,0.0,0.0,0.0,2759.2704
75,375,394,20,0.0,0.0,1900.0,1342.4,19.147845831842286,1295.0,1375.0,80.0,1344.0,1295.0,1341.0,46.0,2.4210526315789473,15.368421052631579,54.0,0.0,0.48828125,0.0,0.48828125,0.48828125,0.0,0.48828125,0.48828125,0.48828125,0.0,0.0,0.0,0.0,1.0,0.0,0.0,0.0,0.0,0.0,0.0,0.0,0.0,0.0,0.0,0.0,0.0,1.0,12.800000000000002,1.7763568394002505e-15,12.8,12.8,0.0,12.8,12.8,12.8,0.0,0.0,0.0,0.0,1.0,33.0,0.0,33.0,33.0,0.0,33.0,33.0,33.0,0.0,0.0,0.0,0.0,1.0,50.05,0.21794494717703367,50.0,51.0,1.0,50.0,51.0,50.0,-1.0,-0.05263157894736842,0.05263157894736842,1.0,0.0,90.0,0.0,90.0,90.0,0.0,90.0,90.0,90.0,0.0,0.0,0.0,0.0,1.0,0.0,0.0,0.0,0.0,2749.2352
76,380,399,20,0.0,0.0,1900.0,1348.8,14.891608375189028,1320.0,1375.0,55.0,1355.0,1321.0,1342.0,21.0,1.105263157894737,10.894736842105264,54.0,0.0,0.48828125,0.0,0.48828125,0.48828125,0.0,0.48828125,0.48828125,0.48828125,0.0,0.0,0.0,0.0,1.0,0.0,0.0,0.0,0.0,0.0,0.0,0.0,0.0,0.0,0.0,0.0,0.0,1.0,12.800000000000002,1.7763568394002505e-15,12.8,12.8,0.0,12.8,12.8,12.8,0.0,0.0,0.0,0.0,1.0,33.0,0.0,33.0,33.0,0.0,33.0,33.0,33.0,0.0,0.0,0.0,0.0,1.0,50.0,0.0,50.0,50.0,0.0,50.0,50.0,50.0,0.0,0.0,0.0,0.0,1.0,90.0,0.0,90.0,90.0,0.0,90.0,90.0,90.0,0.0,0.0,0.0,0.0,1.0,0.0,0.0,0.0,0.0,2762.3424
77,385,404,20,0.0,0.0,1900.0,1347.7,13.885604055999869,1320.0,1374.0,54.0,1351.0,1340.0,1374.0,34.0,1.7894736842105263,11.157894736842104,35.0,0.0,0.48828125,0.0,0.48828125,0.48828125,0.0,0.48828125,0.48828125,0.48828125,0.0,0.0,0.0,0.0,1.0,0.0,0.0,0.0,0.0,0.0,0.0,0.0,0.0,0.0,0.0,0.0,0.0,1.0,12.800000000000002,1.7763568394002505e-15,12.8,12.8,0.0,12.8,12.8,12.8,0.0,0.0,0.0,0.0,1.0,33.0,0.0,33.0,33.0,0.0,33.0,33.0,33.0,0.0,0.0,0.0,0.0,1.0,50.0,0.0,50.0,50.0,0.0,50.0,50.0,50.0,0.0,0.0,0.0,0.0,1.0,90.0,0.0,90.0,90.0,0.0,90.0,90.0,90.0,0.0,0.0,0.0,0.0,1.0,0.0,0.0,0.0,0.0,2760.0896000000002
78,390,409,20,0.0,0.0,1900.0,1353.9,19.320714272510738,1320.0,1382.0,62.0,1355.0,1347.0,1377.0,30.0,1.5789473684210527,10.421052631578947,35.0,0.0,0.48828125,0.0,0.48828125,0.48828125,0.0,0.48828125,0.48828125,0.48828125,0.0,0.0,0.0,0.0,1.0,0.0,0.0,0.0,0.0,0.0,0.0,0.0,0.0,0.0,0.0,0.0,0.0,1.0,12.800000000000002,1.7763568394002505e-15,12.8,12.8,0.0,12.8,12.8,12.8,0.0,0.0,0.0,0.0,1.0,33.0,0.0,33.0,33.0,0.0,33.0,33.0,33.0,0.0,0.0,0.0,0.0,1.0,50.0,0.0,50.0,50.0,0.0,50.0,50.0,50.0,0.0,0.0,0.0,0.0,1.0,90.0,0.0,90.0,90.0,0.0,90.0,90.0,90.0,0.0,0.0,0.0,0.0,1.0,0.0,0.0,0.0,0.0,2772.7872
79,395,414,20,0.0,0.0,1900.0,1354.6,19.47408534437497,1324.0,1382.0,58.0,1356.5,1358.0,1345.0,-13.0,-0.6842105263157895,10.894736842105264,40.0,0.0,0.48828125,0.0,0.48828125,0.48828125,0.0,0.48828125,0.48828125,0.48828125,0.0,0.0,0.0,0.0,1.0,0.0,0.0,0.0,0.0,0.0,0.0,0.0,0.0,0.0,0.0,0.0,0.0,1.0,12.800000000000002,1.7763568394002505e-15,12.8,12.8,0.0,12.8,12.8,12.8,0.0,0.0,0.0,0.0,1.0,33.0,0.0,33.0,33.0,0.0,33.0,33.0,33.0,0.0,0.0,0.0,0.0,1.0,50.0,0.0,50.0,50.0,0.0,50.0,50.0,50.0,0.0,0.0,0.0,0.0,1.0,90.0,0.0,90.0,90.0,0.0,90.0,90.0,90.0,0.0,0.0,0.0,0.0,1.0,0.0,0.0,0.0,0.0,2774.2207999999996
80,400,419,20,0.0,0.0,1900.0,1359.75,21.92914727024286,1324.0,1389.0,65.0,1364.5,1324.0,1371.0,47.0,2.473684210526316,12.789473684210526,40.0,0.0,0.48828125,0.0,0.48828125,0.48828125,0.0,0.48828125,0.48828125,0.48828125,0.0,0.0,0.0,0.0,1.0,0.0,0.0,0.0,0.0,0.0,0.0,0.0,0.0,0.0,0.0,0.0,0.0,1.0,12.800000000000002,1.7763568394002505e-15,12.8,12.8,0.0,12.8,12.8,12.8,0.0,0.0,0.0,0.0,1.0,33.0,0.0,33.0,33.0,0.0,33.0,33.0,33.0,0.0,0.0,0.0,0.0,1.0,50.0,0.0,50.0,50.0,0.0,50.0,50.0,50.0,0.0,0.0,0.0,0.0,1.0,90.0,0.0,90.0,90.0,0.0,90.0,90.0,90.0,0.0,0.0,0.0,0.0,1.0,0.0,0.0,0.0,0.0,2784.768
81,405,424,20,0.0,0.0,1900.0,1362.95,20.648183939513906,1324.0,1389.0,65.0,1368.0,1371.0,1353.0,-18.0,-0.9473684210526315,13.368421052631579,40.0,0.0,0.48828125,0.0,0.48828125,0.48828125,0.0,0.48828125,0.48828125,0.48828125,0.0,0.0,0.0,0.0,1.0,0.0,0.0,0.0,0.0,0.0,0.0,0.0,0.0,0.0,0.0,0.0,0.0,1.0,12.800000000000002,1.7763568394002505e-15,12.8,12.8,0.0,12.8,12.8,12.8,0.0,0.0,0.0,0.0,1.0,33.0,0.0,33.0,33.0,0.0,33.0,33.0,33.0,0.0,0.0,0.0,0.0,1.0,50.0,0.0,50.0,50.0,0.0,50.0,50.0,50.0,0.0,0.0,0.0,0.0,1.0,90.0,0.0,90.0,90.0,0.0,90.0,90.0,90.0,0.0,0.0,0.0,0.0,1.0,0.0,0.0,0.0,0.0,2791.3216
82,410,429,20,0.0,0.0,1900.0,1356.55,19.52812074931943,1324.0,1389.0,65.0,1356.0,1364.0,1349.0,-15.0,-0.7894736842105263,16.57894736842105,40.0,0.0,0.48828125,0.0,0.48828125,0.48828125,0.0,0.48828125,0.48828125,0.48828125,0.0,0.0,0.0,0.0,1.0,0.0,0.0,0.0,0.0,0.0,0.0,0.0,0.0,0.0,0.0,0.0,0.0,1.0,12.800000000000002,1.7763568394002505e-15,12.8,12.8,0.0,12.8,12.8,12.8,0.0,0.0,0.0,0.0,1.0,33.0,0.0,33.0,33.0,0.0,33.0,33.0,33.0,0.0,0.0,0.0,0.0,1.0,50.0,0.0,50.0,50.0,0.0,50.0,50.0,50.0,0.0,0.0,0.0,0.0,1.0,90.0,0.0,90.0,90.0,0.0,90.0,90.0,90.0,0.0,0.0,0.0,0.0,1.0,0.0,0.0,0.0,0.0,2778.2144
83,415,434,20,0.0,0.0,1900.0,1367.15,17.60191750918064,1335.0,1406.0,71.0,1365.5,1365.0,1385.0,20.0,1.0526315789473684,18.0,55.0,0.0,0.48828125,0.0,0.48828125,0.48828125,0.0,0.48828125,0.48828125,0.48828125,0.0,0.0,0.0,0.0,1.0,0.0,0.0,0.0,0.0,0.0,0.0,0.0,0.0,0.0,0.0,0.0,0.0,1.0,12.800000000000002,1.7763568394002505e-15,12.8,12.8,0.0,12.8,12.8,12.8,0.0,0.0,0.0,0.0,1.0,33.0,0.0,33.0,33.0,0.0,33.0,33.0,33.0,0.0,0.0,0.0,0.0,1.0,50.0,0.0,50.0,50.0,0.0,50.0,50.0,50.0,0.0,0.0,0.0,0.0,1.0,90.0,0.0,90.0,90.0,0.0,90.0,90.0,90.0,0.0,0.0,0.0,0.0,1.0,0.0,0.0,0.0,0.0,2799.9232
84,420,439,20,0.0,0.0,1900.0,1364.7,16.41066726248509,1335.0,1406.0,71.0,1366.0,1385.0,1370.0,-15.0,-0.7894736842105263,17.736842105263158,55.0,0.0,0.48828125,0.0,0.48828125,0.48828125,0.0,0.48828125,0.48828125,0.48828125,0.0,0.0,0.0,0.0,1.0,0.0,0.0,0.0,0.0,0.0,0.0,0.0,0.0,0.0,0.0,0.0,0.0,1.0,12.800000000000002,1.7763568394002505e-15,12.8,12.8,0.0,12.8,12.8,12.8,0.0,0.0,0.0,0.0,1.0,33.0,0.0,33.0,33.0,0.0,33.0,33.0,33.0,0.0,0.0,0.0,0.0,1.0,50.0,0.0,50.0,50.0,0.0,50.0,50.0,50.0,0.0,0.0,0.0,0.0,1.0,90.0,0.0,90.0,90.0,0.0,90.0,90.0,90.0,0.0,0.0,0.0,0.0,1.0,0.0,0.0,0.0,0.0,2794.9056
85,425,444,20,0.0,0.0,1900.0,1362.0,17.268468374467957,1335.0,1406.0,71.0,1365.0,1368.0,1341.0,-27.0,-1.4210526315789473,15.210526315789474,55.0,0.0,0.48828125,0.0,0.48828125,0.48828125,0.0,0.48828125,0.48828125,0.48828125,0.0,0.0,0.0,0.0,1.0,0.0,0.0,0.0,0.0,0.0,0.0,0.0,0.0,0.0,0.0,0.0,0.0,1.0,12.800000000000002,1.7763568394002505e-15,12.8,12.8,0.0,12.8,12.8,12.8,0.0,0.0,0.0,0.0,1.0,33.0,0.0,33.0,33.0,0.0,33.0,33.0,33.0,0.0,0.0,0.0,0.0,1.0,49.85,0.3570714214271425,49.0,50.0,1.0,50.0,50.0,49.0,-1.0,-0.05263157894736842,0.05263157894736842,1.0,0.0,90.15,0.3570714214271425,90.0,91.0,1.0,90.0,90.0,91.0,1.0,0.05263157894736842,0.05263157894736842,1.0,0.0,0.0,0.0,-0.5027508133732298,0.0,2789.376
86,430,449,20,0.0,0.0,1900.0,1369.05,17.912216501594656,1341.0,1406.0,65.0,1368.0,1366.0,1385.0,19.0,1.0,14.052631578947368,55.0,0.0,0.48828125,0.0,0.48828125,0.48828125,0.0,0.48828125,0.48828125,0.48828125,0.0,0.0,0.0,0.0,1.0,0.0,0.0,0.0,0.0,0.0,0.0,0.0,0.0,0.0,0.0,0.0,0.0,1.0,12.800000000000002,1.7763568394002505e-15,12.8,12.8,0.0,12.8,12.8,12.8,0.0,0.0,0.0,0.0,1.0,33.0,0.0,33.0,33.0,0.0,33.0,33.0,33.0,0.0,0.0,0.0,0.0,1.0,49.6,0.48989794855663565,49.0,50.0,1.0,50.0,50.0,49.0,-1.0,-0.05263157894736842,0.05263157894736842,1.0,0.0,90.4,0.4898979485566356,90.0,91.0,1.0,90.0,90.0,91.0,1.0,0.05263157894736842,0.05263157894736842,1.0,0.0,0.0,0.0,-0.13333093082036956,0.0,2803.8143999999998
87,435,454,20,0.0,0.0,1900.0,1367.95,17.057183237568854,1341.0,1398.0,57.0,1368.0,1366.0,1384.0,18.0,0.9473684210526315,12.631578947368421,41.0,0.0,0.48828125,0.0,0.48828125,0.48828125,0.0,0.48828125,0.48828125,0.48828125,0.0,0.0,0.0,0.0,1.0,0.0,0.0,0.0,0.0,0.0,0.0,0.0,0.0,0.0,0.0,0.0,0.0,1.0,12.800000000000002,1.7763568394002505e-15,12.8,12.8,0.0,12.8,12.8,12.8,0.0,0.0,0.0,0.0,1.0,33.0,0.0,33.0,33.0,0.0,33.0,33.0,33.0,0.0,0.0,0.0,0.0,1.0,49.35,0.47696960070847294,49.0,50.0,1.0,49.0,50.0,49.0,-1.0,-0.05263157894736842,0.05263157894736842,1.0,0.0,90.65,0.47696960070847283,90.0,91.0,1.0,91.0,90.0,91.0,1.0,0.05263157894736842,0.05263157894736842,1.0,0.0,0.0,0.0,0.10232605400507873,0.0,2801.5616
88,440,459,20,0.0,0.0,1900.0,1363.65,21.693950769742244,1320.0,1398.0,78.0,1365.5,1364.0,1335.0,-29.0,-1.5263157894736843,15.421052631578947,41.0,0.0,0.48828125,0.0,0.48828125,0.48828125,0.0,0.48828125,0.48828125,0.48828125,0.0,0.0,0.0,0.0,1.0,0.0,0.0,0.0,0.0,0.0,0.0,0.0,0.0,0.0,0.0,0.0,0.0,1.0,12.800000000000002,1.7763568394002505e-15,12.8,12.8,0.0,12.8,12.8,12.8,0.0,0.0,0.0,0.0,1.0,33.0,0.0,33.0,33.0,0.0,33.0,33.0,33.0,0.0,0.0,0.0,0.0,1.0,49.1,0.3,49.0,50.0,1.0,49.0,50.0,49.0,-1.0,-0.05263157894736842,0.05263157894736842,1.0,0.0,90.9,0.30000000000000004,90.0,91.0,1.0,91.0,90.0,91.0,1.0,0.05263157894736842,0.05263157894736842,1.0,0.0,0.0,0.0,-0.05915627572656193,0.0,2792.7552
89,445,464,20,0.0,0.0,1900.0,1365.35,24.60137191296453,1320.0,1404.0,84.0,1367.0,1367.0,1404.0,37.0,1.9473684210526316,17.63157894736842,52.0,0.0,0.48828125,0.0,0.48828125,0.48828125,0.0,0.48828125,0.48828125,0.48828125,0.0,0.0,0.0,0.0,1.0,0.0,0.0,0.0,0.0,0.0,0.0,0.0,0.0,0.0,0.0,0.0,0.0,1.0,12.800000000000002,1.7763568394002505e-15,12.8,12.8,0.0,12.8,12.8,12.8,0.0,0.0,0.0,0.0,1.0,33.0,0.0,33.0,33.0,0.0,33.0,33.0,33.0,0.0,0.0,0.0,0.0,1.0,49.0,0.0,49.0,49.0,0.0,49.0,49.0,49.0,0.0,0.0,0.0,0.0,1.0,91.0,0.0,91.0,91.0,0.0,91.0,91.0,91.0,0.0,0.0,0.0,0.0,1.0,0.0,0.0,0.0,0.0,2796.2367999999997
90,450,469,20,0.0,0.0,1900.0,1372.65,31.423359145705604,1320.0,1425.0,105.0,1382.0,1385.0,1395.0,10.0,0.5263157894736842,18.0,52.0,0.0,0.48828125,0.0,0.48828125,0.48828125,0.0,0.48828125,0.48828125,0.48828125,0.0,0.0,0.0,0.0,1.0,0.0,0.0,0.0,0.0,0.0,0.0,0.0,0.0,0.0,0.0,0.0,0.0,1.0,12.800000000000002,1.7763568394002505e-15,12.8,12.8,0.0,12.8,12.8,12.8,0.0,0.0,0.0,0.0,1.0,33.0,0.0,33.0,33.0,0.0,33.0,33.0,33.0,0.0,0.0,0.0,0.0,1.0,49.0,0.0,49.0,49.0,0.0,49.0,49.0,49.0,0.0,0.0,0.0,0.0,1.0,91.0,0.0,91.0,91.0,0.0,91.0,91.0,91.0,0.0,0.0,0.0,0.0,1.0,0.0,0.0,0.0,0.0,2811.1872000000003
91,455,474,20,0.0,0.0,1900.0,1366.0,34.51955967274206,1312.0,1425.0,113.0,1366.5,1384.0,1312.0,-72.0,-3.789473684210526,18.0,52.0,0.0,0.48828125,0.0,0.48828125,0.48828125,0.0,0.48828125,0.48828125,0.48828125,0.0,0.0,0.0,0.0,1.0,0.0,0.0,0.0,0.0,0.0,0.0,0.0,0.0,0.0,0.0,0.0,0.0,1.0,12.800000000000002,1.7763568394002505e-15,12.8,12.8,0.0,12.8,12.8,12.8,0.0,0.0,0.0,0.0,1.0,33.0,0.0,33.0,33.0,0.0,33.0,33.0,33.0,0.0,0.0,0.0,0.0,1.0,49.0,0.0,49.0,49.0,0.0,49.0,49.0,49.0,0.0,0.0,0.0,0.0,1.0,91.0,0.0,91.0,91.0,0.0,91.0,91.0,91.0,0.0,0.0,0.0,0.0,1.0,0.0,0.0,0.0,0.0,2797.568
92,460,479,20,0.0,0.0,1900.0,1363.35,35.7005252062207,1312.0,1425.0,113.0,1360.0,1335.0,1359.0,24.0,1.263157894736842,15.473684210526315,52.0,0.0,0.48828125,0.0,0.48828125,0.48828125,0.0,0.48828125,0.48828125,0.48828125,0.0,0.0,0.0,0.0,1.0,0.0,0.0,0.0,0.0,0.0,0.0,0.0,0.0,0.0,0.0,0.0,0.0,1.0,12.800000000000002,1.7763568394002505e-15,12.8,12.8,0.0,12.8,12.8,12.8,0.0,0.0,0.0,0.0,1.0,33.0,0.0,33.0,33.0,0.0,33.0,33.0,33.0,0.0,0.0,0.0,0.0,1.0,49.0,0.0,49.0,49.0,0.0,49.0,49.0,49.0,0.0,0.0,0.0,0.0,1.0,91.0,0.0,91.0,91.0,0.0,91.0,91.0,91.0,0.0,0.0,0.0,0.0,1.0,0.0,0.0,0.0,0.0,2792.1407999999997
93,465,484,20,0.0,0.0,1900.0,1364.45,33.930038314154615,1312.0,1425.0,113.0,1360.5,1404.0,1395.0,-9.0,-0.47368421052631576,14.473684210526315,40.0,0.0,0.48828125,0.0,0.48828125,0.48828125,0.0,0.48828125,0.48828125,0.48828125,0.0,0.0,0.0,0.0,1.0,0.0,0.0,0.0,0.0,0.0,0.0,0.0,0.0,0.0,0.0,0.0,0.0,1.0,12.800000000000002,1.7763568394002505e-15,12.8,12.8,0.0,12.8,12.8,12.8,0.0,0.0,0.0,0.0,1.0,33.0,0.0,33.0,33.0,0.0,33.0,33.0,33.0,0.0,0.0,0.0,0.0,1.0,49.0,0.0,49.0,49.0,0.0,49.0,49.0,49.0,0.0,0.0,0.0,0.0,1.0,91.0,0.0,91.0,91.0,0.0,91.0,91.0,91.0,0.0,0.0,0.0,0.0,1.0,0.0,0.0,0.0,0.0,2794.3936
94,470,489,20,0.0,0.0,1900.0,1357.6,27.02295320648726,1312.0,1404.0,92.0,1359.5,1372.0,1375.0,3.0,0.15789473684210525,15.0,40.0,0.0,0.48828125,0.0,0.48828125,0.48828125,0.0,0.48828125,0.48828125,0.48828125,0.0,0.0,0.0,0.0,1.0,0.0,0.0,0.0,0.0,0.0,0.0,0.0,0.0,0.0,0.0,0.0,0.0,1.0,12.800000000000002,1.7763568394002505e-15,12.8,12.8,0.0,12.8,12.8,12.8,0.0,0.0,0.0,0.0,1.0,33.0,0.0,33.0,33.0,0.0,33.0,33.0,33.0,0.0,0.0,0.0,0.0,1.0,49.0,0.0,49.0,49.0,0.0,49.0,49.0,49.0,0.0,0.0,0.0,0.0,1.0,91.0,0.0,91.0,91.0,0.0,91.0,91.0,91.0,0.0,0.0,0.0,0.0,1.0,0.0,0.0,0.0,0.0,2780.3648
95,475,494,20,0.0,0.0,1900.0,1360.45,24.954909336641556,1320.0,1404.0,84.0,1358.5,1324.0,1397.0,73.0,3.8421052631578947,15.631578947368421,53.0,0.0,0.48828125,0.0,0.48828125,0.48828125,0.0,0.48828125,0.48828125,0.48828125,0.0,0.0,0.0,0.0,1.0,0.0,0.0,0.0,0.0,0.0,0.0,0.0,0.0,0.0,0.0,0.0,0.0,1.0,12.800000000000002,1.7763568394002505e-15,12.8,12.8,0.0,12.8,12.8,12.8,0.0,0.0,0.0,0.0,1.0,33.0,0.0,33.0,33.0,0.0,33.0,33.0,33.0,0.0,0.0,0.0,0.0,1.0,49.0,0.0,49.0,49.0,0.0,49.0,49.0,49.0,0.0,0.0,0.0,0.0,1.0,91.0,0.0,91.0,91.0,0.0,91.0,91.0,91.0,0.0,0.0,0.0,0.0,1.0,0.0,0.0,0.0,0.0,2786.2016
96,480,499,20,0.0,0.0,1900.0,1371.8,20.52705531731232,1335.0,1404.0,69.0,1370.5,1359.0,1364.0,5.0,0.2631578947368421,15.31578947368421,53.0,0.0,0.48828125,0.0,0.48828125,0.48828125,0.0,0.48828125,0.48828125,0.48828125,0.0,0.0,0.0,0.0,1.0,0.0,0.0,0.0,0.0,0.0,0.0,0.0,0.0,0.0,0.0,0.0,0.0,1.0,12.800000000000002,1.7763568394002505e-15,12.8,12.8,0.0,12.8,12.8,12.8,0.0,0.0,0.0,0.0,1.0,33.0,0.0,33.0,33.0,0.0,33.0,33.0,33.0,0.0,0.0,0.0,0.0,1.0,49.0,0.0,49.0,49.0,0.0,49.0,49.0,49.0,0.0,0.0,0.0,0.0,1.0,91.0,0.0,91.0,91.0,0.0,91.0,91.0,91.0,0.0,0.0,0.0,0.0,1.0,0.0,0.0,0.0,0.0,2809.4464
97,485,504,20,0.0,0.0,1900.0,1360.2,30.879766838497986,1308.0,1404.0,96.0,1358.0,1404.0,1308.0,-96.0,-5.052631578947368,15.263157894736842,53.0,0.0,0.48828125,0.0,0.48828125,0.48828125,0.0,0.48828125,0.48828125,0.48828125,0.0,0.0,0.0,0.0,1.0,0.0,0.0,0.0,0.0,0.0,0.0,0.0,0.0,0.0,0.0,0.0,0.0,1.0,12.800000000000002,1.7763568394002505e-15,12.8,12.8,0.0,12.8,12.8,12.8,0.0,0.0,0.0,0.0,1.0,33.0,0.0,33.0,33.0,0.0,33.0,33.0,33.0,0.0,0.0,0.0,0.0,1.0,48.85,0.3570714214271425,48.0,49.0,1.0,49.0,49.0,48.0,-1.0,-0.05263157894736842,0.05263157894736842,1.0,0.0,91.0,0.0,91.0,91.0,0.0,91.0,91.0,91.0,0.0,0.0,0.0,0.0,1.0,0.0,0.0,0.0,0.0,2785.6896
98,490,509,20,0.0,0.0,1900.0,1355.6,27.80539515993254,1308.0,1397.0,89.0,1356.0,1352.0,1378.0,26.0,1.368421052631579,16.526315789473685,53.0,0.0,0.48828125,0.0,0.48828125,0.48828125,0.0,0.48828125,0.48828125,0.48828125,0.0,0.0,0.0,0.0,1.0,0.0,0.0,0.0,0.0,0.0,0.0,0.0,0.0,0.0,0.0,0.0,0.0,1.0,12.800000000000002,1.7763568394002505e-15,12.8,12.8,0.0,12.8,12.8,12.8,0.0,0.0,0.0,0.0,1.0,33.0,0.0,33.0,33.0,0.0,33.0,33.0,33.0,0.0,0.0,0.0,0.0,1.0,48.6,0.48989794855663565,48.0,49.0,1.0,49.0,49.0,48.0,-1.0,-0.05263157894736842,0.05263157894736842,1.0,0.0,91.0,0.0,91.0,91.0,0.0,91.0,91.0,91.0,0.0,0.0,0.0,0.0,1.0,0.0,0.0,0.0,0.0,2776.2688
99,495,514,20,0.0,0.0,1900.0,1358.2,27.81474429147246,1308.0,1389.0,81.0,1362.5,1389.0,1344.0,-45.0,-2.3684210526315788,15.105263157894736,52.0,0.0,0.48828125,0.0,0.48828125,0.48828125,0.0,0.48828125,0.48828125,0.48828125,0.0,0.0,0.0,0.0,1.0,0.0,0.0,0.0,0.0,0.0,0.0,0.0,0.0,0.0,0.0,0.0,0.0,1.0,12.800000000000002,1.7763568394002505e-15,12.8,12.8,0.0,12.8,12.8,12.8,0.0,0.0,0.0,0.0,1.0,33.0,0.0,33.0,33.0,0.0,33.0,33.0,33.0,0.0,0.0,0.0,0.0,1.0,48.35,0.47696960070847294,48.0,49.0,1.0,48.0,49.0,48.0,-1.0,-0.05263157894736842,0.05263157894736842,1.0,0.0,91.0,0.0,91.0,91.0,0.0,91.0,91.0,91.0,0.0,0.0,0.0,0.0,1.0,0.0,0.0,0.0,0.0,2781.5936
100,500,519,20,0.0,0.0,1900.0,1346.75,24.959717546478764,1308.0,1384.0,76.0,1342.5,1315.0,1316.0,1.0,0.05263157894736842,14.052631578947368,52.0,0.0,0.48828125,0.0,0.48828125,0.48828125,0.0,0.48828125,0.48828125,0.48828125,0.0,0.0,0.0,0.0,1.0,0.0,0.0,0.0,0.0,0.0,0.0,0.0,0.0,0.0,0.0,0.0,0.0,1.0,12.800000000000002,1.7763568394002505e-15,12.8,12.8,0.0,12.8,12.8,12.8,0.0,0.0,0.0,0.0,1.0,33.0,0.0,33.0,33.0,0.0,33.0,33.0,33.0,0.0,0.0,0.0,0.0,1.0,48.1,0.3,48.0,49.0,1.0,48.0,49.0,48.0,-1.0,-0.05263157894736842,0.05263157894736842,1.0,0.0,91.0,0.0,91.0,91.0,0.0,91.0,91.0,91.0,0.0,0.0,0.0,0.0,1.0,0.0,0.0,0.0,0.0,2758.144
101,505,524,20,0.0,0.0,1900.0,1357.7,18.000277775634462,1316.0,1384.0,68.0,1358.0,1360.0,1353.0,-7.0,-0.3684210526315789,13.631578947368421,44.0,0.0,0.48828125,0.0,0.48828125,0.48828125,0.0,0.48828125,0.48828125,0.48828125,0.0,0.0,0.0,0.0,1.0,0.0,0.0,0.0,0.0,0.0,0.0,0.0,0.0,0.0,0.0,0.0,0.0,1.0,12.800000000000002,1.7763568394002505e-15,12.8,12.8,0.0,12.8,12.8,12.8,0.0,0.0,0.0,0.0,1.0,33.0,0.0,33.0,33.0,0.0,33.0,33.0,33.0,0.0,0.0,0.0,0.0,1.0,48.0,0.0,48.0,48.0,0.0,48.0,48.0,48.0,0.0,0.0,0.0,0.0,1.0,91.0,0.0,91.0,91.0,0.0,91.0,91.0,91.0,0.0,0.0,0.0,0.0,1.0,0.0,0.0,0.0,0.0,2780.5696000000003
102,510,529,20,0.0,0.0,1900.0,1357.55,20.306341374063425,1316.0,1391.0,75.0,1358.0,1380.0,1386.0,6.0,0.3157894736842105,16.105263157894736,69.0,0.0,0.48828125,0.0,0.48828125,0.48828125,0.0,0.48828125,0.48828125,0.48828125,0.0,0.0,0.0,0.0,1.0,0.0,0.0,0.0,0.0,0.0,0.0,0.0,0.0,0.0,0.0,0.0,0.0,1.0,12.800000000000002,1.7763568394002505e-15,12.8,12.8,0.0,12.8,12.8,12.8,0.0,0.0,0.0,0.0,1.0,33.0,0.0,33.0,33.0,0.0,33.0,33.0,33.0,0.0,0.0,0.0,0.0,1.0,48.0,0.0,48.0,48.0,0.0,48.0,48.0,48.0,0.0,0.0,0.0,0.0,1.0,91.0,0.0,91.0,91.0,0.0,91.0,91.0,91.0,0.0,0.0,0.0,0.0,1.0,0.0,0.0,0.0,0.0,2780.2624
103,515,534,20,0.0,0.0,1900.0,1358.95,20.187805725239183,1316.0,1391.0,75.0,1359.0,1341.0,1372.0,31.0,1.631578947368421,16.473684210526315,69.0,0.0,0.48828125,0.0,0.48828125,0.48828125,0.0,0.48828125,0.48828125,0.48828125,0.0,0.0,0.0,0.0,1.0,0.0,0.0,0.0,0.0,0.0,0.0,0.0,0.0,0.0,0.0,0.0,0.0,1.0,12.800000000000002,1.7763568394002505e-15,12.8,12.8,0.0,12.8,12.8,12.8,0.0,0.0,0.0,0.0,1.0,33.0,0.0,33.0,33.0,0.0,33.0,33.0,33.0,0.0,0.0,0.0,0.0,1.0,48.0,0.0,48.0,48.0,0.0,48.0,48.0,48.0,0.0,0.0,0.0,0.0,1.0,91.0,0.0,91.0,91.0,0.0,91.0,91.0,91.0,0.0,0.0,0.0,0.0,1.0,0.0,0.0,0.0,0.0,2783.1296
104,520,539,20,0.0,0.0,1900.0,1366.9,17.119871494844816,1322.0,1391.0,69.0,1368.5,1358.0,1369.0,11.0,0.5789473684210527,17.526315789473685,69.0,0.0,0.48828125,0.0,0.48828125,0.48828125,0.0,0.48828125,0.48828125,0.48828125,0.0,0.0,0.0,0.0,1.0,0.0,0.0,0.0,0.0,0.0,0.0,0.0,0.0,0.0,0.0,0.0,0.0,1.0,12.800000000000002,1.7763568394002505e-15,12.8,12.8,0.0,12.8,12.8,12.8,0.0,0.0,0.0,0.0,1.0,33.0,0.0,33.0,33.0,0.0,33.0,33.0,33.0,0.0,0.0,0.0,0.0,1.0,48.0,0.0,48.0,48.0,0.0,48.0,48.0,48.0,0.0,0.0,0.0,0.0,1.0,91.0,0.0,91.0,91.0,0.0,91.0,91.0,91.0,0.0,0.0,0.0,0.0,1.0,0.0,0.0,0.0,0.0,2799.4112
105,525,544,20,0.0,0.0,1900.0,1368.3,18.1551645544732,1322.0,1391.0,69.0,1370.5,1360.0,1386.0,26.0,1.368421052631579,20.526315789473685,69.0,0.0,0.48828125,0.0,0.48828125,0.48828125,0.0,0.48828125,0.48828125,0.48828125,0.0,0.0,0.0,0.0,1.0,0.0,0.0,0.0,0.0,0.0,0.0,0.0,0.0,0.0,0.0,0.0,0.0,1.0,12.800000000000002,1.7763568394002505e-15,12.8,12.8,0.0,12.8,12.8,12.8,0.0,0.0,0.0,0.0,1.0,33.0,0.0,33.0,33.0,0.0,33.0,33.0,33.0,0.0,0.0,0.0,0.0,1.0,48.0,0.0,48.0,48.0,0.0,48.0,48.0,48.0,0.0,0.0,0.0,0.0,1.0,91.0,0.0,91.0,91.0,0.0,91.0,91.0,91.0,0.0,0.0,0.0,0.0,1.0,0.0,0.0,0.0,0.0,2802.2783999999997
106,530,549,20,0.0,0.0,1900.0,1379.6,22.39732126840172,1338.0,1428.0,90.0,1378.5,1369.0,1428.0,59.0,3.1052631578947367,17.63157894736842,49.0,0.0,0.48828125,0.0,0.48828125,0.48828125,0.0,0.48828125,0.48828125,0.48828125,0.0,0.0,0.0,0.0,1.0,0.0,0.0,0.0,0.0,0.0,0.0,0.0,0.0,0.0,0.0,0.0,0.0,1.0,12.800000000000002,1.7763568394002505e-15,12.8,12.8,0.0,12.8,12.8,12.8,0.0,0.0,0.0,0.0,1.0,33.0,0.0,33.0,33.0,0.0,33.0,33.0,33.0,0.0,0.0,0.0,0.0,1.0,48.0,0.0,48.0,48.0,0.0,48.0,48.0,48.0,0.0,0.0,0.0,0.0,1.0,91.0,0.0,91.0,91.0,0.0,91.0,91.0,91.0,0.0,0.0,0.0,0.0,1.0,0.0,0.0,0.0,0.0,2825.4208
107,535,554,20,0.0,0.0,1900.0,1380.55,25.184270884820155,1338.0,1428.0,90.0,1380.0,1338.0,1346.0,8.0,0.42105263157894735,18.42105263157895,49.0,0.0,0.48828125,0.0,0.48828125,0.48828125,0.0,0.48828125,0.48828125,0.48828125,0.0,0.0,0.0,0.0,1.0,0.0,0.0,0.0,0.0,0.0,0.0,0.0,0.0,0.0,0.0,0.0,0.0,1.0,12.800000000000002,1.7763568394002505e-15,12.8,12.8,0.0,12.8,12.8,12.8,0.0,0.0,0.0,0.0,1.0,33.0,0.0,33.0,33.0,0.0,33.0,33.0,33.0,0.0,0.0,0.0,0.0,1.0,48.0,0.0,48.0,48.0,0.0,48.0,48.0,48.0,0.0,0.0,0.0,0.0,1.0,91.0,0.0,91.0,91.0,0.0,91.0,91.0,91.0,0.0,0.0,0.0,0.0,1.0,0.0,0.0,0.0,0.0,2827.3664
108,540,559,20,0.0,0.0,1900.0,1375.25,29.08586426427793,1330.0,1428.0,98.0,1374.0,1357.0,1378.0,21.0,1.105263157894737,18.263157894736842,48.0,0.0,0.48828125,0.0,0.48828125,0.48828125,0.0,0.48828125,0.48828125,0.48828125,0.0,0.0,0.0,0.0,1.0,0.0,0.0,0.0,0.0,0.0,0.0,0.0,0.0,0.0,0.0,0.0,0.0,1.0,12.800000000000002,1.7763568394002505e-15,12.8,12.8,0.0,12.8,12.8,12.8,0.0,0.0,0.0,0.0,1.0,33.0,0.0,33.0,33.0,0.0,33.0,33.0,33.0,0.0,0.0,0.0,0.0,1.0,47.95,0.21794494717703367,47.0,48.0,1.0,48.0,48.0,47.0,-1.0,-0.05263157894736842,0.05263157894736842,1.0,0.0,91.05,0.21794494717703367,91.0,92.0,1.0,91.0,91.0,92.0,1.0,0.05263157894736842,0.05263157894736842,1.0,0.0,0.0,0.0,0.02169071760810224,0.0,2816.512
109,545,564,20,0.0,0.0,1900.0,1375.8,27.775168766363958,1330.0,1428.0,98.0,1368.0,1392.0,1366.0,-26.0,-1.368421052631579,13.368421052631579,48.0,0.0,0.48828125,0.0,0.48828125,0.48828125,0.0,0.48828125,0.48828125,0.48828125,0.0,0.0,0.0,0.0,1.0,0.0,0.0,0.0,0.0,0.0,0.0,0.0,0.0,0.0,0.0,0.0,0.0,1.0,12.800000000000002,1.7763568394002505e-15,12.8,12.8,0.0,12.8,12.8,12.8,0.0,0.0,0.0,0.0,1.0,33.0,0.0,33.0,33.0,0.0,33.0,33.0,33.0,0.0,0.0,0.0,0.0,1.0,47.8,0.4,47.0,48.0,1.0,48.0,48.0,47.0,-1.0,-0.05263157894736842,0.15789473684210525,1.0,0.0,91.2,0.4,91.0,92.0,1.0,91.0,91.0,92.0,1.0,0.05263157894736842,0.15789473684210525,1.0,0.0,0.0,0.0,-0.11341065202868121,0.0,2817.6384
110,550,569,20,0.0,0.0,1900.0,1360.1,22.60951127291344,1325.0,1412.0,87.0,1366.0,1412.0,1325.0,-87.0,-4.578947368421052,12.052631578947368,48.0,0.0,0.48828125,0.0,0.48828125,0.48828125,0.0,0.48828125,0.48828125,0.48828125,0.0,0.0,0.0,0.0,1.0,0.0,0.0,0.0,0.0,0.0,0.0,0.0,0.0,0.0,0.0,0.0,0.0,1.0,12.800000000000002,1.7763568394002505e-15,12.8,12.8,0.0,12.8,12.8,12.8,0.0,0.0,0.0,0.0,1.0,33.0,0.0,33.0,33.0,0.0,33.0,33.0,33.0,0.0,0.0,0.0,0.0,1.0,47.55,0.4974937185533099,47.0,48.0,1.0,48.0,48.0,47.0,-1.0,-0.05263157894736842,0.15789473684210525,1.0,0.0,91.45,0.4974937185533099,91.0,92.0,1.0,91.0,91.0,92.0,1.0,0.05263157894736842,0.15789473684210525,1.0,0.0,0.0,0.0,-0.14180185462557127,0.0,2785.4847999999997
111,555,574,20,0.0,0.0,1900.0,1358.15,17.482205238470346,1325.0,1380.0,55.0,1366.0,1342.0,1369.0,27.0,1.4210526315789473,12.368421052631579,55.0,0.0,0.48828125,0.0,0.48828125,0.48828125,0.0,0.48828125,0.48828125,0.48828125,0.0,0.0,0.0,0.0,1.0,0.0,0.0,0.0,0.0,0.0,0.0,0.0,0.0,0.0,0.0,0.0,0.0,1.0,12.800000000000002,1.7763568394002505e-15,12.8,12.8,0.0,12.8,12.8,12.8,0.0,0.0,0.0,0.0,1.0,33.0,0.0,33.0,33.0,0.0,33.0,33.0,33.0,0.0,0.0,0.0,0.0,1.0,47.3,0.45825756949558394,47.0,48.0,1.0,47.0,48.0,47.0,-1.0,-0.05263157894736842,0.15789473684210525,1.0,0.0,91.7,0.45825756949558394,91.0,92.0,1.0,92.0,91.0,92.0,1.0,0.05263157894736842,0.15789473684210525,1.0,0.0,0.0,0.0,0.31143304217748635,0.0,2781.4912000000004
112,560,579,20,0.0,0.0,1900.0,1361.35,17.771536230725808,1325.0,1392.0,67.0,1367.0,1373.0,1335.0,-38.0,-2.0,11.68421052631579,55.0,0.0,0.48828125,0.0,0.48828125,0.48828125,0.0,0.48828125,0.48828125,0.48828125,0.0,0.0,0.0,0.0,1.0,0.0,0.0,0.0,0.0,0.0,0.0,0.0,0.0,0.0,0.0,0.0,0.0,1.0,12.800000000000002,1.7763568394002505e-15,12.8,12.8,0.0,12.8,12.8,12.8,0.0,0.0,0.0,0.0,1.0,33.0,0.0,33.0,33.0,0.0,33.0,33.0,33.0,0.0,0.0,0.0,0.0,1.0,47.1,0.3,47.0,48.0,1.0,47.0,48.0,47.0,-1.0,-0.05263157894736842,0.05263157894736842,1.0,0.0,91.9,0.30000000000000004,91.0,92.0,1.0,92.0,91.0,92.0,1.0,0.05263157894736842,0.05263157894736842,1.0,0.0,0.0,0.0,-0.1716227545217365,0.0,2788.0447999999997
113,565,584,20,0.0,0.0,1900.0,1358.1,17.837881040078724,1325.0,1392.0,67.0,1361.0,1371.0,1361.0,-10.0,-0.5263157894736842,13.789473684210526,55.0,0.0,0.48828125,0.0,0.48828125,0.48828125,0.0,0.48828125,0.48828125,0.48828125,0.0,0.0,0.0,0.0,1.0,0.0,0.0,0.0,0.0,0.0,0.0,0.0,0.0,0.0,0.0,0.0,0.0,1.0,12.800000000000002,1.7763568394002505e-15,12.8,12.8,0.0,12.8,12.8,12.8,0.0,0.0,0.0,0.0,1.0,33.0,0.0,33.0,33.0,0.0,33.0,33.0,33.0,0.0,0.0,0.0,0.0,1.0,47.0,0.0,47.0,47.0,0.0,47.0,47.0,47.0,0.0,0.0,0.0,0.0,1.0,92.0,0.0,92.0,92.0,0.0,92.0,92.0,92.0,0.0,0.0,0.0,0.0,1.0,0.0,0.0,0.0,0.0,2781.3887999999997
114,570,589,20,0.0,0.0,1900.0,1364.8,15.055231648832244,1335.0,1392.0,57.0,1367.5,1380.0,1372.0,-8.0,-0.42105263157894735,11.368421052631579,33.0,0.0,0.48828125,0.0,0.48828125,0.48828125,0.0,0.48828125,0.48828125,0.48828125,0.0,0.0,0.0,0.0,1.0,0.0,0.0,0.0,0.0,0.0,0.0,0.0,0.0,0.0,0.0,0.0,0.0,1.0,12.800000000000002,1.7763568394002505e-15,12.8,12.8,0.0,12.8,12.8,12.8,0.0,0.0,0.0,0.0,1.0,33.0,0.0,33.0,33.0,0.0,33.0,33.0,33.0,0.0,0.0,0.0,0.0,1.0,47.0,0.0,47.0,47.0,0.0,47.0,47.0,47.0,0.0,0.0,0.0,0.0,1.0,92.0,0.0,92.0,92.0,0.0,92.0,92.0,92.0,0.0,0.0,0.0,0.0,1.0,0.0,0.0,0.0,0.0,2795.1104
115,575,594,20,0.0,0.0,1900.0,1367.1,22.71321201415599,1318.0,1406.0,88.0,1366.5,1379.0,1389.0,10.0,0.5263157894736842,18.105263157894736,73.0,0.0,0.48828125,0.0,0.48828125,0.48828125,0.0,0.48828125,0.48828125,0.48828125,0.0,0.0,0.0,0.0,1.0,0.0,0.0,0.0,0.0,0.0,0.0,0.0,0.0,0.0,0.0,0.0,0.0,1.0,12.800000000000002,1.7763568394002505e-15,12.8,12.8,0.0,12.8,12.8,12.8,0.0,0.0,0.0,0.0,1.0,33.0,0.0,33.0,33.0,0.0,33.0,33.0,33.0,0.0,0.0,0.0,0.0,1.0,47.0,0.0,47.0,47.0,0.0,47.0,47.0,47.0,0.0,0.0,0.0,0.0,1.0,92.0,0.0,92.0,92.0,0.0,92.0,92.0,92.0,0.0,0.0,0.0,0.0,1.0,0.0,0.0,0.0,0.0,2799.8208
116,580,599,20,0.0,0.0,1900.0,1365.3,25.345808331951062,1299.0,1406.0,107.0,1363.5,1353.0,1366.0,13.0,0.6842105263157895,21.736842105263158,73.0,0.0,0.48828125,0.0,0.48828125,0.48828125,0.0,0.48828125,0.48828125,0.48828125,0.0,0.0,0.0,0.0,1.0,0.0,0.0,0.0,0.0,0.0,0.0,0.0,0.0,0.0,0.0,0.0,0.0,1.0,12.800000000000002,1.7763568394002505e-15,12.8,12.8,0.0,12.8,12.8,12.8,0.0,0.0,0.0,0.0,1.0,33.0,0.0,33.0,33.0,0.0,33.0,33.0,33.0,0.0,0.0,0.0,0.0,1.0,47.0,0.0,47.0,47.0,0.0,47.0,47.0,47.0,0.0,0.0,0.0,0.0,1.0,92.0,0.0,92.0,92.0,0.0,92.0,92.0,92.0,0.0,0.0,0.0,0.0,1.0,0.0,0.0,0.0,0.0,2796.1344
117,585,604,20,0.0,0.0,1900.0,1371.0,25.571468475627285,1299.0,1406.0,107.0,1372.5,1373.0,1358.0,-15.0,-0.7894736842105263,22.473684210526315,73.0,0.0,0.48828125,0.0,0.48828125,0.48828125,0.0,0.48828125,0.48828125,0.48828125,0.0,0.0,0.0,0.0,1.0,0.0,0.0,0.0,0.0,0.0,0.0,0.0,0.0,0.0,0.0,0.0,0.0,1.0,12.800000000000002,1.7763568394002505e-15,12.8,12.8,0.0,12.8,12.8,12.8,0.0,0.0,0.0,0.0,1.0,33.0,0.0,33.0,33.0,0.0,33.0,33.0,33.0,0.0,0.0,0.0,0.0,1.0,47.0,0.0,47.0,47.0,0.0,47.0,47.0,47.0,0.0,0.0,0.0,0.0,1.0,92.0,0.0,92.0,92.0,0.0,92.0,92.0,92.0,0.0,0.0,0.0,0.0,1.0,0.0,0.0,0.0,0.0,2807.808
118,590,609,20,0.0,0.0,1900.0,1371.95,26.073885402831696,1299.0,1406.0,107.0,1381.0,1318.0,1381.0,63.0,3.3157894736842106,19.526315789473685,73.0,0.0,0.48828125,0.0,0.48828125,0.48828125,0.0,0.48828125,0.48828125,0.48828125,0.0,0.0,0.0,0.0,1.0,0.0,0.0,0.0,0.0,0.0,0.0,0.0,0.0,0.0,0.0,0.0,0.0,1.0,12.800000000000002,1.7763568394002505e-15,12.8,12.8,0.0,12.8,12.8,12.8,0.0,0.0,0.0,0.0,1.0,33.0,0.0,33.0,33.0,0.0,33.0,33.0,33.0,0.0,0.0,0.0,0.0,1.0,47.0,0.0,47.0,47.0,0.0,47.0,47.0,47.0,0.0,0.0,0.0,0.0,1.0,92.0,0.0,92.0,92.0,0.0,92.0,92.0,92.0,0.0,0.0,0.0,0.0,1.0,0.0,0.0,0.0,0.0,2809.7536
119,595,614,20,0.0,0.0,1900.0,1359.15,27.448633845785476,1299.0,1394.0,95.0,1363.5,1389.0,1314.0,-75.0,-3.9473684210526314,18.789473684210527,62.0,0.0,0.501953125,0.03553399491925831,0.48828125,0.64453125,0.15625,0.48828125,0.48828125,0.64453125,0.15625,0.008223684210526315,0.008223684210526315,0.09765625,0.0,0.35,1.3143439428094916,0.0,6.0,6.0,0.0,0.0,6.0,6.0,0.3157894736842105,0.3157894736842105,5.0,0.0,12.800000000000002,1.7763568394002505e-15,12.8,12.8,0.0,12.8,12.8,12.8,0.0,0.0,0.0,0.0,1.0,33.0,0.0,33.0,33.0,0.0,33.0,33.0,33.0,0.0,0.0,0.0,0.0,1.0,47.0,0.0,47.0,47.0,0.0,47.0,47.0,47.0,0.0,0.0,0.0,0.0,1.0,92.0,0.0,92.0,92.0,0.0,92.0,92.0,92.0,0.0,0.0,0.0,0.0,1.0,-0.5577870562192593,-0.43802211419141923,0.0,0.0,2707.722957198444
120,600,619,20,0.0,0.0,1900.0,1500.0,373.90279485449156,1314.0,2766.0,1452.0,1375.5,1366.0,2766.0,1400.0,73.6842105263158,86.94736842105263,779.0,0.0,0.623046875,0.2355034682227034,0.48828125,1.19140625,0.703125,0.498046875,0.48828125,0.60546875,0.1171875,0.006167763157894737,0.0678453947368421,0.5859375,0.0,4.95,9.080060572485188,0.0,27.0,27.0,0.0,0.0,4.0,4.0,0.21052631578947367,2.6315789473684212,23.0,0.0,12.800000000000002,1.7763568394002505e-15,12.8,12.8,0.0,12.8,12.8,12.8,0.0,0.0,0.0,0.0,1.0,33.0,0.0,33.0,33.0,0.0,33.0,33.0,33.0,0.0,0.0,0.0,0.0,1.0,46.95,0.21794494717703367,46.0,47.0,1.0,47.0,47.0,47.0,0.0,0.0,0.10526315789473684,1.0,0.0,92.0,0.0,92.0,92.0,0.0,92.0,92.0,92.0,0.0,0.0,0.0,0.0,1.0,0.4187815225717633,0.41732693659553705,0.0,0.0,2407.523510971787
121,605,624,20,0.0,0.0,1900.0,1825.05,633.1448866570747,1314.0,3108.0,1794.0,1386.0,1358.0,2272.0,914.0,48.10526315789474,145.78947368421052,779.0,0.0,0.6279296875,0.23284616930929253,0.48828125,1.19140625,0.703125,0.5078125,0.48828125,0.5078125,0.01953125,0.0010279605263157894,0.07298519736842106,0.5859375,0.0,4.95,9.080060572485188,0.0,27.0,27.0,0.0,0.0,0.0,0.0,0.0,2.8421052631578947,23.0,0.0,12.800000000000002,1.7763568394002505e-15,12.8,12.8,0.0,12.8,12.8,12.8,0.0,0.0,0.0,0.0,1.0,33.0,0.0,33.0,33.0,0.0,33.0,33.0,33.0,0.0,0.0,0.0,0.0,1.0,46.7,0.45825756949558394,46.0,47.0,1.0,47.0,47.0,46.0,-1.0,-0.05263157894736842,0.15789473684210525,1.0,0.0,92.0,0.0,92.0,92.0,0.0,92.0,92.0,92.0,0.0,0.0,0.0,0.0,1.0,-0.01874723813939865,-0.03342280451271905,0.0,0.0,2906.4559875583204
122,610,629,20,0.0,0.0,1900.0,1935.1,588.7616580586748,1314.0,3108.0,1794.0,1731.0,1345.0,1613.0,268.0,14.105263157894736,176.0,779.0,0.0,0.6298828125,0.23174591501991565,0.48828125,1.19140625,0.703125,0.5078125,0.5078125,0.48828125,-0.01953125,-0.0010279605263157894,0.07298519736842106,0.5859375,0.0,4.95,9.080060572485188,0.0,27.0,27.0,0.0,0.0,0.0,0.0,0.0,2.8421052631578947,23.0,0.0,12.800000000000002,1.7763568394002505e-15,12.8,12.8,0.0,12.8,12.8,12.8,0.0,0.0,0.0,0.0,1.0,33.0,0.0,33.0,33.0,0.0,33.0,33.0,33.0,0.0,0.0,0.0,0.0,1.0,46.45,0.4974937185533099,46.0,47.0,1.0,46.0,47.0,46.0,-1.0,-0.05263157894736842,0.15789473684210525,1.0,0.0,92.0,0.0,92.0,92.0,0.0,92.0,92.0,92.0,0.0,0.0,0.0,0.0,1.0,-0.1318909073349369,-0.1378406601522982,0.0,0.0,3072.158759689922
123,615,634,20,0.0,0.0,1900.0,1982.2,544.8975683557416,1365.0,3108.0,1743.0,1731.0,1365.0,1466.0,101.0,5.315789473684211,178.3684210526316,779.0,0.0,0.6201171875,0.23452753825239897,0.48828125,1.19140625,0.703125,0.5078125,0.80078125,0.5078125,-0.29296875,-0.015419407894736841,0.05859375,0.5859375,0.0,4.6,9.161877536837087,0.0,27.0,27.0,0.0,12.0,0.0,-12.0,-0.631578947368421,2.210526315789474,23.0,0.0,12.800000000000002,1.7763568394002505e-15,12.8,12.8,0.0,12.8,12.8,12.8,0.0,0.0,0.0,0.0,1.0,33.0,0.0,33.0,33.0,0.0,33.0,33.0,33.0,0.0,0.0,0.0,0.0,1.0,46.2,0.39999999999999997,46.0,47.0,1.0,46.0,47.0,46.0,-1.0,-0.05263157894736842,0.15789473684210525,1.0,0.0,92.0,0.0,92.0,92.0,0.0,92.0,92.0,92.0,0.0,0.0,0.0,0.0,1.0,-0.13703138863489256,-0.14746153930737588,0.0,0.0,3196.492598425197
124,620,639,20,0.0,0.0,1900.0,1866.2,520.6241062417298,1450.0,3108.0,1658.0,1613.0,3108.0,1450.0,-1658.0,-87.26315789473684,88.21052631578948,313.0,0.0,0.5009765625,0.00931581251383736,0.48828125,0.5078125,0.01953125,0.5078125,0.5078125,0.5078125,0.0,0.0,0.004111842105263158,0.01953125,0.0,0.0,0.0,0.0,0.0,0.0,0.0,0.0,0.0,0.0,0.0,0.0,0.0,1.0,12.800000000000002,1.7763568394002505e-15,12.8,12.8,0.0,12.8,12.8,12.8,0.0,0.0,0.0,0.0,1.0,33.0,0.0,33.0,33.0,0.0,33.0,33.0,33.0,0.0,0.0,0.0,0.0,1.0,46.0,0.0,46.0,46.0,0.0,46.0,46.0,46.0,0.0,0.0,0.0,0.0,1.0,92.0,0.0,92.0,92.0,0.0,92.0,92.0,92.0,0.0,0.0,0.0,0.0,1.0,0.4056026122832217,0.0,0.0,0.0,3725.124366471735
125,625,644,20,0.0,0.0,1900.0,1545.55,188.22658552924983,1369.0,2125.0,756.0,1460.5,2125.0,1369.0,-756.0,-39.78947368421053,41.36842105263158,240.0,0.0,0.4990234375,0.009716674190494335,0.48828125,0.5078125,0.01953125,0.5078125,0.5078125,0.48828125,-0.01953125,-0.0010279605263157894,0.005139802631578948,0.01953125,0.0,0.0,0.0,0.0,0.0,0.0,0.0,0.0,0.0,0.0,0.0,0.0,0.0,1.0,12.800000000000002,1.7763568394002505e-15,12.8,12.8,0.0,12.8,12.8,12.8,0.0,0.0,0.0,0.0,1.0,33.0,0.0,33.0,33.0,0.0,33.0,33.0,33.0,0.0,0.0,0.0,0.0,1.0,46.0,0.0,46.0,46.0,0.0,46.0,46.0,46.0,0.0,0.0,0.0,0.0,1.0,92.0,0.0,92.0,92.0,0.0,92.0,92.0,92.0,0.0,0.0,0.0,0.0,1.0,0.06564928064687107,0.0,0.0,0.0,3097.149119373777
126,630,649,20,0.0,0.0,1900.0,1430.85,67.33370255674345,1338.0,1613.0,275.0,1434.5,1613.0,1371.0,-242.0,-12.736842105263158,17.789473684210527,76.0,0.0,0.5,0.009568319307746789,0.48828125,0.5078125,0.01953125,0.5078125,0.48828125,0.48828125,0.0,0.0,0.006167763157894737,0.01953125,0.0,0.0,0.0,0.0,0.0,0.0,0.0,0.0,0.0,0.0,0.0,0.0,0.0,1.0,12.800000000000002,1.7763568394002505e-15,12.8,12.8,0.0,12.8,12.8,12.8,0.0,0.0,0.0,0.0,1.0,33.0,0.0,33.0,33.0,0.0,33.0,33.0,33.0,0.0,0.0,0.0,0.0,1.0,46.0,0.0,46.0,46.0,0.0,46.0,46.0,46.0,0.0,0.0,0.0,0.0,1.0,92.0,0.0,92.0,92.0,0.0,92.0,92.0,92.0,0.0,0.0,0.0,0.0,1.0,-0.01091350831651777,0.0,0.0,0.0,2861.7
127,635,654,20,0.0,0.0,1900.0,1394.5,38.76273984124445,1338.0,1457.0,119.0,1380.0,1450.0,1389.0,-61.0,-3.210526315789474,12.368421052631579,39.0,0.0,0.4990234375,0.009716674190494335,0.48828125,0.5078125,0.01953125,0.5078125,0.5078125,0.48828125,-0.01953125,-0.0010279605263157894,0.007195723684210526,0.01953125,0.0,0.0,0.0,0.0,0.0,0.0,0.0,0.0,0.0,0.0,0.0,0.0,0.0,1.0,12.800000000000002,1.7763568394002505e-15,12.8,12.8,0.0,12.8,12.8,12.8,0.0,0.0,0.0,0.0,1.0,33.0,0.0,33.0,33.0,0.0,33.0,33.0,33.0,0.0,0.0,0.0,0.0,1.0,46.0,0.0,46.0,46.0,0.0,46.0,46.0,46.0,0.0,0.0,0.0,0.0,1.0,92.0,0.0,92.0,92.0,0.0,92.0,92.0,92.0,0.0,0.0,0.0,0.0,1.0,-0.17760635761872354,0.0,0.0,0.0,2794.457925636008
128,640,659,20,0.0,0.0,1900.0,1376.2,21.855434106876025,1338.0,1419.0,81.0,1370.0,1413.0,1357.0,-56.0,-2.9473684210526314,12.526315789473685,39.0,0.0,0.498046875,0.009765625,0.48828125,0.5078125,0.01953125,0.498046875,0.5078125,0.48828125,-0.01953125,-0.0010279605263157894,0.007195723684210526,0.01953125,0.0,0.0,0.0,0.0,0.0,0.0,0.0,0.0,0.0,0.0,0.0,0.0,0.0,1.0,12.800000000000002,1.7763568394002505e-15,12.8,12.8,0.0,12.8,12.8,12.8,0.0,0.0,0.0,0.0,1.0,33.0,0.0,33.0,33.0,0.0,33.0,33.0,33.0,0.0,0.0,0.0,0.0,1.0,46.0,0.0,46.0,46.0,0.0,46.0,46.0,46.0,0.0,0.0,0.0,0.0,1.0,92.0,0.0,92.0,92.0,0.0,92.0,92.0,92.0,0.0,0.0,0.0,0.0,1.0,0.004575521104316046,0.0,0.0,0.0,2763.1937254901964
129,645,664,20,0.0,0.0,1900.0,1365.8,18.345571672749802,1330.0,1400.0,70.0,1360.0,1338.0,1357.0,19.0,1.0,13.526315789473685,35.0,0.0,0.4951171875,0.00931581251383736,0.48828125,0.5078125,0.01953125,0.48828125,0.5078125,0.48828125,-0.01953125,-0.0010279605263157894,0.005139802631578948,0.01953125,0.0,0.0,0.0,0.0,0.0,0.0,0.0,0.0,0.0,0.0,0.0,0.0,0.0,1.0,12.800000000000002,1.7763568394002505e-15,12.8,12.8,0.0,12.8,12.8,12.8,0.0,0.0,0.0,0.0,1.0,33.0,0.0,33.0,33.0,0.0,33.0,33.0,33.0,0.0,0.0,0.0,0.0,1.0,46.0,0.0,46.0,46.0,0.0,46.0,46.0,46.0,0.0,0.0,0.0,0.0,1.0,92.0,0.0,92.0,92.0,0.0,92.0,92.0,92.0,0.0,0.0,0.0,0.0,1.0,-0.2148502677585744,0.0,0.0,0.0,2758.538856015779
130,650,669,20,0.0,0.0,1900.0,1367.65,17.11804603335322,1330.0,1400.0,70.0,1362.0,1353.0,1374.0,21.0,1.105263157894737,11.736842105263158,35.0,0.0,0.4921875,0.0078125,0.48828125,0.5078125,0.01953125,0.48828125,0.5078125,0.48828125,-0.01953125,-0.0010279605263157894,0.0030838815789473685,0.01953125,0.0,0.0,0.0,0.0,0.0,0.0,0.0,0.0,0.0,0.0,0.0,0.0,0.0,1.0,12.800000000000002,1.7763568394002505e-15,12.8,12.8,0.0,12.8,12.8,12.8,0.0,0.0,0.0,0.0,1.0,33.0,0.0,33.0,33.0,0.0,33.0,33.0,33.0,0.0,0.0,0.0,0.0,1.0,46.0,0.0,46.0,46.0,0.0,46.0,46.0,46.0,0.0,0.0,0.0,0.0,1.0,92.0,0.0,92.0,92.0,0.0,92.0,92.0,92.0,0.0,0.0,0.0,0.0,1.0,0.02482760001766087,0.0,0.0,0.0,2778.7174603174603
131,655,674,20,0.0,0.0,1900.0,1369.7,17.34675762210333,1330.0,1400.0,70.0,1368.5,1389.0,1363.0,-26.0,-1.368421052631579,11.789473684210526,35.0,0.0,0.4892578125,0.004256737249551439,0.48828125,0.5078125,0.01953125,0.48828125,0.48828125,0.48828125,0.0,0.0,0.002055921052631579,0.01953125,0.0,0.0,0.0,0.0,0.0,0.0,0.0,0.0,0.0,0.0,0.0,0.0,0.0,1.0,12.800000000000002,1.7763568394002505e-15,12.8,12.8,0.0,12.8,12.8,12.8,0.0,0.0,0.0,0.0,1.0,33.0,0.0,33.0,33.0,0.0,33.0,33.0,33.0,0.0,0.0,0.0,0.0,1.0,45.85,0.3570714214271425,45.0,46.0,1.0,46.0,46.0,45.0,-1.0,-0.05263157894736842,0.15789473684210525,1.0,0.0,92.15,0.3570714214271425,92.0,93.0,1.0,92.0,92.0,93.0,1.0,0.05263157894736842,0.15789473684210525,1.0,0.0,0.29492375328947523,0.0,0.20907223682028933,-0.09637388493048532,2799.546506986028
132,660,679,20,0.0,0.0,1900.0,1356.95,25.89879340818796,1282.0,1392.0,110.0,1361.5,1330.0,1321.0,-9.0,-0.47368421052631576,13.842105263157896,71.0,0.0,0.48828125,0.0,0.48828125,0.48828125,0.0,0.48828125,0.48828125,0.48828125,0.0,0.0,0.0,0.0,1.0,0.0,0.0,0.0,0.0,0.0,0.0,0.0,0.0,0.0,0.0,0.0,0.0,1.0,12.800000000000002,1.7763568394002505e-15,12.8,12.8,0.0,12.8,12.8,12.8,0.0,0.0,0.0,0.0,1.0,33.0,0.0,33.0,33.0,0.0,33.0,33.0,33.0,0.0,0.0,0.0,0.0,1.0,45.6,0.48989794855663565,45.0,46.0,1.0,46.0,46.0,45.0,-1.0,-0.05263157894736842,0.15789473684210525,1.0,0.0,92.4,0.4898979485566356,92.0,93.0,1.0,92.0,92.0,93.0,1.0,0.05263157894736842,0.15789473684210525,1.0,0.0,0.0,0.0,-0.31762881471714083,0.0,2779.0336
133,665,684,20,0.0,0.0,1900.0,1350.0,33.995587949026564,1252.0,1392.0,140.0,1359.0,1357.0,1353.0,-4.0,-0.21052631578947367,18.94736842105263,86.0,0.0,0.48828125,0.0,0.48828125,0.48828125,0.0,0.48828125,0.48828125,0.48828125,0.0,0.0,0.0,0.0,1.0,0.0,0.0,0.0,0.0,0.0,0.0,0.0,0.0,0.0,0.0,0.0,0.0,1.0,12.800000000000002,1.7763568394002505e-15,12.8,12.8,0.0,12.8,12.8,12.8,0.0,0.0,0.0,0.0,1.0,33.0,0.0,33.0,33.0,0.0,33.0,33.0,33.0,0.0,0.0,0.0,0.0,1.0,45.35,0.47696960070847294,45.0,46.0,1.0,45.0,46.0,45.0,-1.0,-0.05263157894736842,0.15789473684210525,1.0,0.0,92.65,0.47696960070847283,92.0,93.0,1.0,93.0,92.0,93.0,1.0,0.05263157894736842,0.15789473684210525,1.0,0.0,0.0,0.0,-0.44403708126565483,0.0,2764.8
134,670,689,20,0.0,0.0,1900.0,1353.35,37.572962353266746,1252.0,1411.0,159.0,1358.0,1374.0,1383.0,9.0,0.47368421052631576,24.894736842105264,86.0,0.0,0.48828125,0.0,0.48828125,0.48828125,0.0,0.48828125,0.48828125,0.48828125,0.0,0.0,0.0,0.0,1.0,0.0,0.0,0.0,0.0,0.0,0.0,0.0,0.0,0.0,0.0,0.0,0.0,1.0,12.800000000000002,1.7763568394002505e-15,12.8,12.8,0.0,12.8,12.8,12.8,0.0,0.0,0.0,0.0,1.0,33.0,0.0,33.0,33.0,0.0,33.0,33.0,33.0,0.0,0.0,0.0,0.0,1.0,45.1,0.3,45.0,46.0,1.0,45.0,46.0,45.0,-1.0,-0.05263157894736842,0.15789473684210525,1.0,0.0,92.9,0.30000000000000004,92.0,93.0,1.0,93.0,92.0,93.0,1.0,0.05263157894736842,0.15789473684210525,1.0,0.0,0.0,0.0,-0.2630437611069553,0.0,2771.6607999999997
135,675,694,20,0.0,0.0,1900.0,1358.85,42.565567070109616,1252.0,1417.0,165.0,1358.0,1363.0,1393.0,30.0,1.5789473684210527,27.157894736842106,86.0,0.0,0.48828125,0.0,0.48828125,0.48828125,0.0,0.48828125,0.48828125,0.48828125,0.0,0.0,0.0,0.0,1.0,0.0,0.0,0.0,0.0,0.0,0.0,0.0,0.0,0.0,0.0,0.0,0.0,1.0,12.800000000000002,1.7763568394002505e-15,12.8,12.8,0.0,12.8,12.8,12.8,0.0,0.0,0.0,0.0,1.0,33.0,0.0,33.0,33.0,0.0,33.0,33.0,33.0,0.0,0.0,0.0,0.0,1.0,45.0,0.0,45.0,45.0,0.0,45.0,45.0,45.0,0.0,0.0,0.0,0.0,1.0,93.0,0.0,93.0,93.0,0.0,93.0,93.0,93.0,0.0,0.0,0.0,0.0,1.0,0.0,0.0,0.0,0.0,2782.9248
136,680,699,20,0.0,0.0,1900.0,1381.8,42.35280392134622,1252.0,1431.0,179.0,1389.0,1252.0,1411.0,159.0,8.368421052631579,22.157894736842106,86.0,0.0,0.48828125,0.0,0.48828125,0.48828125,0.0,0.48828125,0.48828125,0.48828125,0.0,0.0,0.0,0.0,1.0,0.0,0.0,0.0,0.0,0.0,0.0,0.0,0.0,0.0,0.0,0.0,0.0,1.0,12.800000000000002,1.7763568394002505e-15,12.8,12.8,0.0,12.8,12.8,12.8,0.0,0.0,0.0,0.0,1.0,33.0,0.0,33.0,33.0,0.0,33.0,33.0,33.0,0.0,0.0,0.0,0.0,1.0,45.0,0.0,45.0,45.0,0.0,45.0,45.0,45.0,0.0,0.0,0.0,0.0,1.0,93.0,0.0,93.0,93.0,0.0,93.0,93.0,93.0,0.0,0.0,0.0,0.0,1.0,0.0,0.0,0.0,0.0,2829.9264
137,685,704,20,0.0,0.0,1900.0,1418.7,37.81018381335907,1340.0,1481.0,141.0,1414.0,1340.0,1475.0,135.0,7.105263157894737,19.842105263157894,52.0,0.0,0.48828125,0.0,0.48828125,0.48828125,0.0,0.48828125,0.48828125,0.48828125,0.0,0.0,0.0,0.0,1.0,0.0,0.0,0.0,0.0,0.0,0.0,0.0,0.0,0.0,0.0,0.0,0.0,1.0,12.800000000000002,1.7763568394002505e-15,12.8,12.8,0.0,12.8,12.8,12.8,0.0,0.0,0.0,0.0,1.0,33.0,0.0,33.0,33.0,0.0,33.0,33.0,33.0,0.0,0.0,0.0,0.0,1.0,45.0,0.0,45.0,45.0,0.0,45.0,45.0,45.0,0.0,0.0,0.0,0.0,1.0,93.0,0.0,93.0,93.0,0.0,93.0,93.0,93.0,0.0,0.0,0.0,0.0,1.0,0.0,0.0,0.0,0.0,2905.4976
138,690,709,20,0.0,0.0,1900.0,1452.4,45.8218288591802,1383.0,1532.0,149.0,1447.0,1383.0,1532.0,149.0,7.842105263157895,18.263157894736842,52.0,0.0,0.48828125,0.0,0.48828125,0.48828125,0.0,0.48828125,0.48828125,0.48828125,0.0,0.0,0.0,0.0,1.0,0.0,0.0,0.0,0.0,0.0,0.0,0.0,0.0,0.0,0.0,0.0,0.0,1.0,12.800000000000002,1.7763568394002505e-15,12.8,12.8,0.0,12.8,12.8,12.8,0.0,0.0,0.0,0.0,1.0,33.0,0.0,33.0,33.0,0.0,33.0,33.0,33.0,0.0,0.0,0.0,0.0,1.0,45.0,0.0,45.0,45.0,0.0,45.0,45.0,45.0,0.0,0.0,0.0,0.0,1.0,93.0,0.0,93.0,93.0,0.0,93.0,93.0,93.0,0.0,0.0,0.0,0.0,1.0,0.0,0.0,0.0,0.0,2974.5152000000003
139,695,714,20,0.0,0.0,1900.0,1474.65,38.58662332985357,1407.0,1532.0,125.0,1481.0,1425.0,1442.0,17.0,0.8947368421052632,16.57894736842105,52.0,0.0,0.4912109375,0.006974051199748877,0.48828125,0.5078125,0.01953125,0.48828125,0.48828125,0.5078125,0.01953125,0.0010279605263157894,0.0010279605263157894,0.01953125,0.0,0.0,0.0,0.0,0.0,0.0,0.0,0.0,0.0,0.0,0.0,0.0,0.0,1.0,12.800000000000002,1.7763568394002505e-15,12.8,12.8,0.0,12.8,12.8,12.8,0.0,0.0,0.0,0.0,1.0,33.0,0.0,33.0,33.0,0.0,33.0,33.0,33.0,0.0,0.0,0.0,0.0,1.0,45.0,0.0,45.0,45.0,0.0,45.0,45.0,45.0,0.0,0.0,0.0,0.0,1.0,93.0,0.0,93.0,93.0,0.0,93.0,93.0,93.0,0.0,0.0,0.0,0.0,1.0,0.0001814463100409003,0.0,0.0,0.0,3002.070775347913
140,700,719,20,0.0,0.0,1900.0,1471.7,42.68149481918364,1405.0,1532.0,127.0,1481.0,1463.0,1406.0,-57.0,-3.0,12.578947368421053,49.0,0.0,0.49609375,0.009568319307746789,0.48828125,0.5078125,0.01953125,0.48828125,0.48828125,0.5078125,0.01953125,0.0010279605263157894,0.0010279605263157894,0.01953125,0.0,0.0,0.0,0.0,0.0,0.0,0.0,0.0,0.0,0.0,0.0,0.0,0.0,1.0,12.800000000000002,1.7763568394002505e-15,12.8,12.8,0.0,12.8,12.8,12.8,0.0,0.0,0.0,0.0,1.0,33.0,0.0,33.0,33.0,0.0,33.0,33.0,33.0,0.0,0.0,0.0,0.0,1.0,45.0,0.0,45.0,45.0,0.0,45.0,45.0,45.0,0.0,0.0,0.0,0.0,1.0,93.0,0.0,93.0,93.0,0.0,93.0,93.0,93.0,0.0,0.0,0.0,0.0,1.0,-0.7403306237461198,0.0,0.0,0.0,2966.576377952756
141,705,724,20,0.0,0.0,1900.0,1439.85,69.9037016187269,1323.0,1532.0,209.0,1429.0,1503.0,1323.0,-180.0,-9.473684210526315,17.57894736842105,55.0,0.0,0.5009765625,0.00931581251383736,0.48828125,0.5078125,0.01953125,0.5078125,0.48828125,0.5078125,0.01953125,0.0010279605263157894,0.0010279605263157894,0.01953125,0.0,0.0,0.0,0.0,0.0,0.0,0.0,0.0,0.0,0.0,0.0,0.0,0.0,1.0,12.800000000000002,1.7763568394002505e-15,12.8,12.8,0.0,12.8,12.8,12.8,0.0,0.0,0.0,0.0,1.0,33.0,0.0,33.0,33.0,0.0,33.0,33.0,33.0,0.0,0.0,0.0,0.0,1.0,45.0,0.0,45.0,45.0,0.0,45.0,45.0,45.0,0.0,0.0,0.0,0.0,1.0,93.0,0.0,93.0,93.0,0.0,93.0,93.0,93.0,0.0,0.0,0.0,0.0,1.0,-0.7828728469853582,0.0,0.0,0.0,2874.086549707602
142,710,729,20,0.0,0.0,1900.0,1407.85,56.25324435088167,1323.0,1517.0,194.0,1398.0,1517.0,1388.0,-129.0,-6.7894736842105265,18.789473684210527,68.0,0.0,0.505859375,0.005859375,0.48828125,0.5078125,0.01953125,0.5078125,0.48828125,0.5078125,0.01953125,0.0010279605263157894,0.0010279605263157894,0.01953125,0.0,0.0,0.0,0.0,0.0,0.0,0.0,0.0,0.0,0.0,0.0,0.0,0.0,1.0,12.800000000000002,1.7763568394002505e-15,12.8,12.8,0.0,12.8,12.8,12.8,0.0,0.0,0.0,0.0,1.0,33.0,0.0,33.0,33.0,0.0,33.0,33.0,33.0,0.0,0.0,0.0,0.0,1.0,44.8,0.4,44.0,45.0,1.0,45.0,45.0,44.0,-1.0,-0.05263157894736842,0.05263157894736842,1.0,0.0,93.0,0.0,93.0,93.0,0.0,93.0,93.0,93.0,0.0,0.0,0.0,0.0,1.0,-0.6408519262486766,0.0,0.0,0.0,2783.085714285714
143,715,734,20,0.0,0.0,1900.0,1383.65,27.584914355495105,1323.0,1416.0,93.0,1388.0,1416.0,1412.0,-4.0,-0.21052631578947367,19.789473684210527,68.0,0.0,0.5078125,0.0,0.5078125,0.5078125,0.0,0.5078125,0.5078125,0.5078125,0.0,0.0,0.0,0.0,1.0,0.0,0.0,0.0,0.0,0.0,0.0,0.0,0.0,0.0,0.0,0.0,0.0,1.0,12.800000000000002,1.7763568394002505e-15,12.8,12.8,0.0,12.8,12.8,12.8,0.0,0.0,0.0,0.0,1.0,33.0,0.0,33.0,33.0,0.0,33.0,33.0,33.0,0.0,0.0,0.0,0.0,1.0,44.55,0.4974937185533099,44.0,45.0,1.0,45.0,45.0,44.0,-1.0,-0.05263157894736842,0.05263157894736842,1.0,0.0,93.0,0.0,93.0,93.0,0.0,93.0,93.0,93.0,0.0,0.0,0.0,0.0,1.0,0.0,0.0,0.0,0.0,2724.726153846154
144,720,739,20,0.0,0.0,1900.0,1381.65,26.478812284541767,1323.0,1412.0,89.0,1388.0,1388.0,1403.0,15.0,0.7894736842105263,22.473684210526315,68.0,0.0,0.5078125,0.0,0.5078125,0.5078125,0.0,0.5078125,0.5078125,0.5078125,0.0,0.0,0.0,0.0,1.0,0.0,0.0,0.0,0.0,0.0,0.0,0.0,0.0,0.0,0.0,0.0,0.0,1.0,12.800000000000002,1.7763568394002505e-15,12.8,12.8,0.0,12.8,12.8,12.8,0.0,0.0,0.0,0.0,1.0,33.0,0.0,33.0,33.0,0.0,33.0,33.0,33.0,0.0,0.0,0.0,0.0,1.0,44.3,0.45825756949558394,44.0,45.0,1.0,44.0,45.0,44.0,-1.0,-0.05263157894736842,0.05263157894736842,1.0,0.0,93.0,0.0,93.0,93.0,0.0,93.0,93.0,93.0,0.0,0.0,0.0,0.0,1.0,0.0,0.0,0.0,0.0,2720.7876923076924
145,725,744,20,0.0,0.0,1900.0,1393.95,11.638191440253937,1369.0,1412.0,43.0,1393.5,1391.0,1382.0,-9.0,-0.47368421052631576,13.210526315789474,34.0,0.0,0.5078125,0.0,0.5078125,0.5078125,0.0,0.5078125,0.5078125,0.5078125,0.0,0.0,0.0,0.0,1.0,0.0,0.0,0.0,0.0,0.0,0.0,0.0,0.0,0.0,0.0,0.0,0.0,1.0,12.800000000000002,1.7763568394002505e-15,12.8,12.8,0.0,12.8,12.8,12.8,0.0,0.0,0.0,0.0,1.0,33.0,0.0,33.0,33.0,0.0,33.0,33.0,33.0,0.0,0.0,0.0,0.0,1.0,44.05,0.21794494717703367,44.0,45.0,1.0,44.0,45.0,44.0,-1.0,-0.05263157894736842,0.05263157894736842,1.0,0.0,93.0,0.0,93.0,93.0,0.0,93.0,93.0,93.0,0.0,0.0,0.0,0.0,1.0,0.0,0.0,0.0,0.0,2745.0092307692307
146,730,749,20,0.0,0.0,1900.0,1440.0,182.8376328877619,1346.0,2226.0,880.0,1399.0,1401.0,2226.0,825.0,43.421052631578945,59.31578947368421,714.0,0.0,0.57421875,0.15371478414024217,0.5078125,0.9765625,0.46875,0.5078125,0.5078125,0.5078125,0.0,0.0,0.049342105263157895,0.44921875,0.0,2.6,6.077828559609098,0.0,18.0,18.0,0.0,0.0,0.0,0.0,0.0,1.894736842105263,18.0,0.0,12.795000000000002,0.02179449471770368,12.7,12.8,0.10000000000000142,12.8,12.8,12.8,0.0,0.0,0.010526315789473833,0.10000000000000142,0.0,33.05,0.21794494717703367,33.0,34.0,1.0,33.0,33.0,33.0,0.0,0.0,0.10526315789473684,1.0,0.0,44.0,0.0,44.0,44.0,0.0,44.0,44.0,44.0,0.0,0.0,0.0,0.0,1.0,93.0,0.0,93.0,93.0,0.0,93.0,93.0,93.0,0.0,0.0,0.0,0.0,1.0,-0.06244057459244376,-0.058852336940616014,0.0,0.0,2507.7551020408164
147,735,754,20,0.0,0.0,1900.0,1610.35,343.66208330277,1346.0,2414.0,1068.0,1403.0,1412.0,1765.0,353.0,18.57894736842105,97.73684210526316,714.0,0.0,0.57421875,0.15371478414024217,0.5078125,0.9765625,0.46875,0.5078125,0.5078125,0.5078125,0.0,0.0,0.049342105263157895,0.44921875,0.0,2.6,6.077828559609098,0.0,18.0,18.0,0.0,0.0,0.0,0.0,0.0,1.894736842105263,18.0,0.0,12.795000000000003,0.02179449471770368,12.7,12.8,0.10000000000000142,12.8,12.8,12.8,0.0,0.0,0.010526315789473833,0.10000000000000142,0.0,33.05,0.21794494717703367,33.0,34.0,1.0,33.0,33.0,33.0,0.0,0.0,0.10526315789473684,1.0,0.0,44.0,0.0,44.0,44.0,0.0,44.0,44.0,44.0,0.0,0.0,0.0,0.0,1.0,93.0,0.0,93.0,93.0,0.0,93.0,93.0,93.0,0.0,0.0,0.0,0.0,1.0,-0.24736307143359115,-0.24335965982228724,0.0,0.0,2804.4190476190474
148,740,759,20,0.0,0.0,1900.0,1644.3,329.87347574486796,1346.0,2414.0,1068.0,1483.5,1403.0,1455.0,52.0,2.736842105263158,109.78947368421052,714.0,0.0,0.5732421875,0.15419485848213038,0.48828125,0.9765625,0.48828125,0.5078125,0.5078125,0.5078125,0.0,0.0,0.05139802631578947,0.44921875,0.0,2.6,6.077828559609098,0.0,18.0,18.0,0.0,0.0,0.0,0.0,0.0,1.894736842105263,18.0,0.0,12.795000000000003,0.02179449471770368,12.7,12.8,0.10000000000000142,12.8,12.8,12.8,0.0,0.0,0.010526315789473833,0.10000000000000142,0.0,33.05,0.21794494717703367,33.0,34.0,1.0,33.0,33.0,33.0,0.0,0.0,0.10526315789473684,1.0,0.0,44.0,0.0,44.0,44.0,0.0,44.0,44.0,44.0,0.0,0.0,0.0,0.0,1.0,93.0,0.0,93.0,93.0,0.0,93.0,93.0,93.0,0.0,0.0,0.0,0.0,1.0,-0.2989716017194605,-0.2975588336819102,0.0,0.0,2868.4211243611585
149,745,764,20,0.0,0.0,1900.0,1645.8,328.87833616703915,1346.0,2414.0,1068.0,1483.5,1383.0,1380.0,-3.0,-0.15789473684210525,113.0,714.0,0.0,0.5732421875,0.15419485848213038,0.48828125,0.9765625,0.48828125,0.5078125,0.546875,0.5078125,-0.0390625,-0.002055921052631579,0.049342105263157895,0.44921875,0.0,2.6,6.077828559609098,0.0,18.0,18.0,0.0,1.0,0.0,-1.0,-0.05263157894736842,1.8421052631578947,18.0,0.0,12.790000000000003,0.030000000000000426,12.7,12.8,0.10000000000000142,12.8,12.8,12.7,-0.10000000000000142,-0.005263157894736917,0.015789473684210752,0.10000000000000142,0.0,33.1,0.3,33.0,34.0,1.0,33.0,33.0,34.0,1.0,0.05263157894736842,0.15789473684210525,1.0,0.0,44.0,0.0,44.0,44.0,0.0,44.0,44.0,44.0,0.0,0.0,0.0,0.0,1.0,93.0,0.0,93.0,93.0,0.0,93.0,93.0,93.0,0.0,0.0,0.0,0.0,1.0,-0.30181160409409824,-0.30041031098783544,0.0,0.0,2871.0378194207838
150,750,769,20,0.0,0.0,1900.0,1592.75,311.59186045209844,1321.0,2414.0,1093.0,1440.5,2414.0,1321.0,-1093.0,-57.526315789473685,58.1578947368421,180.0,0.0,0.5068359375,0.004256737249551439,0.48828125,0.5078125,0.01953125,0.5078125,0.5078125,0.5078125,0.0,0.0,0.002055921052631579,0.01953125,0.0,0.0,0.0,0.0,0.0,0.0,0.0,0.0,0.0,0.0,0.0,0.0,0.0,1.0,12.785,0.035707142142714754,12.7,12.8,0.10000000000000142,12.8,12.8,12.7,-0.10000000000000142,-0.005263157894736917,0.026315789473684584,0.10000000000000142,0.0,33.15,0.3570714214271425,33.0,34.0,1.0,33.0,33.0,34.0,1.0,0.05263157894736842,0.2631578947368421,1.0,0.0,44.0,0.0,44.0,44.0,0.0,44.0,44.0,44.0,0.0,0.0,0.0,0.0,1.0,93.0,0.0,93.0,93.0,0.0,93.0,93.0,93.0,0.0,0.0,0.0,0.0,1.0,0.048409751397560444,0.0,0.0,0.0,3142.535645472062
151,755,774,20,0.0,0.0,1900.0,1415.55,83.79765808183424,1321.0,1664.0,343.0,1381.0,1664.0,1378.0,-286.0,-15.052631578947368,22.210526315789473,86.0,0.0,0.5068359375,0.004256737249551439,0.48828125,0.5078125,0.01953125,0.5078125,0.5078125,0.5078125,0.0,0.0,0.002055921052631579,0.01953125,0.0,0.0,0.0,0.0,0.0,0.0,0.0,0.0,0.0,0.0,0.0,0.0,0.0,1.0,12.775000000000002,0.04330127018922255,12.7,12.8,0.10000000000000142,12.8,12.8,12.8,0.0,0.0,0.04210526315789533,0.10000000000000142,0.0,33.25,0.4330127018922193,33.0,34.0,1.0,33.0,33.0,33.0,0.0,0.0,0.42105263157894735,1.0,0.0,44.0,0.0,44.0,44.0,0.0,44.0,44.0,44.0,0.0,0.0,0.0,0.0,1.0,93.0,0.0,93.0,93.0,0.0,93.0,93.0,93.0,0.0,0.0,0.0,0.0,1.0,-0.30512050247161815,0.0,0.0,0.0,2792.915606936416
152,760,779,20,0.0,0.0,1900.0,1372.7,26.855353283842682,1321.0,1426.0,105.0,1378.0,1426.0,1340.0,-86.0,-4.526315789473684,12.31578947368421,52.0,0.0,0.5068359375,0.004256737249551439,0.48828125,0.5078125,0.01953125,0.5078125,0.5078125,0.48828125,-0.01953125,-0.0010279605263157894,0.0010279605263157894,0.01953125,0.0,0.0,0.0,0.0,0.0,0.0,0.0,0.0,0.0,0.0,0.0,0.0,0.0,1.0,12.765,0.047696960070847956,12.7,12.8,0.10000000000000142,12.8,12.8,12.7,-0.10000000000000142,-0.005263157894736917,0.047368421052632254,0.10000000000000142,0.0,33.35,0.4769696007084729,33.0,34.0,1.0,33.0,33.0,34.0,1.0,0.05263157894736842,0.47368421052631576,1.0,0.0,44.0,0.0,44.0,44.0,0.0,44.0,44.0,44.0,0.0,0.0,0.0,0.0,1.0,93.0,0.0,93.0,93.0,0.0,93.0,93.0,93.0,0.0,0.0,0.0,0.0,1.0,0.2793444725257376,0.0,0.0,0.0,2708.3714836223508
153,765,784,20,0.0,0.0,1900.0,1365.7,21.225220846907575,1321.0,1393.0,72.0,1374.0,1380.0,1388.0,8.0,0.42105263157894735,12.842105263157896,52.0,0.0,0.501953125,0.008950343154210625,0.48828125,0.5078125,0.01953125,0.5078125,0.5078125,0.48828125,-0.01953125,-0.0010279605263157894,0.0010279605263157894,0.01953125,0.0,0.0,0.0,0.0,0.0,0.0,0.0,0.0,0.0,0.0,0.0,0.0,0.0,1.0,12.745,0.0497493718553317,12.7,12.8,0.10000000000000142,12.7,12.8,12.7,-0.10000000000000142,-0.005263157894736917,0.03684210526315842,0.10000000000000142,0.0,33.55,0.4974937185533099,33.0,34.0,1.0,34.0,33.0,34.0,1.0,0.05263157894736842,0.3684210526315789,1.0,0.0,43.8,0.4,43.0,44.0,1.0,44.0,44.0,43.0,-1.0,-0.05263157894736842,0.05263157894736842,1.0,0.0,93.2,0.4,93.0,94.0,1.0,93.0,93.0,94.0,1.0,0.05263157894736842,0.05263157894736842,1.0,0.0,-0.07093935339889393,0.0,0.3839771590026786,-0.7637626158259733,2720.7719844357975
154,770,789,20,0.0,0.0,1900.0,1382.85,30.594566511065324,1321.0,1434.0,113.0,1379.0,1321.0,1422.0,101.0,5.315789473684211,13.736842105263158,52.0,0.0,0.4970703125,0.009716674190494335,0.48828125,0.5078125,0.01953125,0.48828125,0.5078125,0.48828125,-0.01953125,-0.0010279605263157894,0.0010279605263157894,0.01953125,0.0,0.0,0.0,0.0,0.0,0.0,0.0,0.0,0.0,0.0,0.0,0.0,0.0,1.0,12.735,0.047696960070847956,12.7,12.8,0.10000000000000142,12.7,12.7,12.7,0.0,0.0,0.031578947368421505,0.10000000000000142,0.0,33.65,0.47696960070847294,33.0,34.0,1.0,34.0,34.0,34.0,0.0,0.0,0.3157894736842105,1.0,0.0,43.55,0.4974937185533099,43.0,44.0,1.0,44.0,44.0,43.0,-1.0,-0.05263157894736842,0.05263157894736842,1.0,0.0,93.45,0.4974937185533099,93.0,94.0,1.0,93.0,93.0,94.0,1.0,0.05263157894736842,0.05263157894736842,1.0,0.0,-0.4226179014052498,0.0,0.7041441676347868,-0.8181818181818182,2782.000785854617
